GEOID,total_population,total_pop_pov,pop_200_pct_and_over_fpl,pop_below_200_pct_fpl,share_below_200_pct_fpl,pop_5_years_over,pop_english_only,spanish_english_vw,spanish_english_lvw,french_english_vw,french_english_lvw,german_english_vw,german_english_lvw,russian_english_vw,russian_english_lvw,other_indo_english_vw,other_indo_english_lvw,korean_english_vw,korean_english_lvw,chinese_english_vw,chinese_english_lvw,vietnamese_english_vw,vietnamese_english_lvw,tagalog_english_vw,tagalog_english_lvw,other_asian_english_vw,other_asian_english_lvw,arabic_english_vw,arabic_english_lvw,other_unspec_english_vw,other_unspec_english_lvw,pct_spanish_english_lvw,pct_french_english_lvw,pct_german_english_lvw,pct_russian_english_lvw,pct_other_indo_english_lvw,pct_korean_english_lvw,pct_chinese_english_lvw,pct_vietnamese_english_lvw,pct_tagalog_english_lvw,pct_other_asian_english_lvw,pct_arabic_english_lvw,pct_other_unspec_english_lvw,top_non_english_language,low_income,over_5_pct_thres
6001400200,2025,2018,1788,230,0.113974232,1912,1536,83,37,59,0,3,0,14,0,40,12,0,8,58,0,8,0,10,0,0,26,11,0,7,0,0.019351464,0,0,0,0.006276151,0.0041841,0,0,0,0.013598326,0,0,Spanish,0,0
6001400300,5000,4962,4436,526,0.106005643,4704,3895,85,80,83,0,61,0,20,0,66,0,0,0,67,26,0,0,22,0,0,27,0,0,38,234,0.017006803,0,0,0,0,0,0.005527211,0,0,0.005739796,0,0.049744898,Other Unspecified,0,0
6001400700,5116,5106,3186,1920,0.376028202,4833,3572,281,321,64,11,0,0,0,0,32,9,27,0,11,0,0,0,36,0,10,18,192,118,59,72,0.066418374,0.002276019,0,0,0.001862197,0,0,0,0,0.003724395,0.024415477,0.014897579,Spanish,1,1
6001400800,3792,3792,2318,1474,0.38871308,3585,2425,105,100,166,0,9,0,79,6,82,25,71,82,67,82,38,7,61,32,33,0,22,64,12,17,0.027894003,0,0,0.00167364,0.006973501,0.022873082,0.022873082,0.00195258,0.008926081,0,0.017852162,0.00474198,Spanish,1,0
6001403100,1668,1287,673,614,0.477078477,1616,824,119,37,5,0,6,0,0,0,17,0,5,10,109,378,5,26,10,0,24,26,0,0,10,5,0.02289604,0,0,0,0,0.006188119,0.233910891,0.016089109,0,0.016089109,0,0.003094059,Chinese,1,1
6001400400,3843,3830,3028,802,0.209399478,3624,3024,225,50,28,0,27,0,17,0,58,0,8,9,37,15,0,0,36,0,40,27,0,0,9,14,0.013796909,0,0,0,0,0.002483444,0.004139073,0,0,0.007450331,0,0.003863135,Spanish,0,0
6001401100,4366,4366,3078,1288,0.295006871,4230,3003,171,121,59,0,40,0,38,0,182,30,34,23,155,129,21,0,18,0,39,12,54,13,24,64,0.028605201,0,0,0,0.007092199,0.005437352,0.030496454,0,0,0.002836879,0.003073286,0.015130024,Chinese,1,0
6001400500,3786,3768,2959,809,0.21470276,3503,2863,153,25,100,37,40,0,23,0,40,0,7,0,44,49,10,18,10,0,21,0,4,0,59,0,0.00713674,0.010562375,0,0,0,0,0.01398801,0.005138453,0,0,0,0,Chinese,0,0
6001402800,4639,4639,2534,2105,0.453761587,4517,2855,349,69,65,0,6,0,0,0,83,4,22,0,159,305,0,9,25,0,76,39,0,0,237,214,0.015275625,0,0,0,0.000885544,0,0.067522692,0.001992473,0,0.008634049,0,0.047376577,Chinese,1,1
6001400600,1638,1638,1352,286,0.174603175,1527,1270,64,21,86,0,6,0,0,0,23,6,5,0,18,0,0,0,9,14,0,0,0,0,0,5,0.013752456,0,0,0,0.003929273,0,0,0,0.009168304,0,0,0.003274394,Spanish,0,0
6001400900,2471,2410,1619,791,0.328215768,2347,1918,98,94,0,44,0,0,12,0,5,11,0,0,0,0,0,6,0,0,15,0,99,45,0,0,0.040051129,0.018747337,0,0,0.004686834,0,0,0.002556455,0,0,0.019173413,0,Spanish,1,0
6001401400,4331,4331,1790,2541,0.586700531,4229,2694,384,283,32,0,17,0,0,0,37,13,0,0,13,97,168,94,35,7,9,0,0,139,90,117,0.066918893,0,0,0,0.003074013,0,0.022936865,0.022227477,0.001655238,0,0.03286829,0.027666115,Spanish,1,1
6001403000,2969,2969,1267,1702,0.573256989,2906,456,61,8,0,0,0,0,0,0,69,26,0,0,464,1650,12,0,23,9,15,11,0,0,0,102,0.002752925,0,0,0,0.008947006,0,0.567790778,0,0.003097041,0.003785272,0,0.035099794,Chinese,1,1
6001401000,6024,6016,4236,1780,0.29587766,5790,4551,577,323,60,0,46,0,10,0,75,13,0,0,0,29,15,0,5,0,24,0,25,0,14,23,0.055785838,0,0,0,0.00224525,0,0.005008636,0,0,0,0,0.003972366,Spanish,1,1
6001401500,2663,2663,1520,1143,0.429215171,2579,2058,138,134,19,0,10,0,5,6,0,0,0,0,25,20,0,7,0,19,24,0,10,10,68,26,0.051958123,0,0,0.002326483,0,0,0.007754944,0.00271423,0.007367197,0,0.003877472,0.010081427,Spanish,1,1
6001401200,2577,2560,2078,482,0.18828125,2406,1904,249,48,38,0,0,0,20,0,21,0,7,0,37,0,8,0,0,0,0,43,6,0,0,25,0.019950125,0,0,0,0,0,0,0,0,0.017871987,0,0.01039069,Spanish,0,0
6001401300,3855,3563,1897,1666,0.467583497,3768,2789,175,170,14,0,0,0,30,35,19,4,14,9,64,168,7,9,0,35,0,23,28,30,62,83,0.045116773,0,0,0.009288747,0.001061571,0.002388535,0.044585987,0.002388535,0.009288747,0.006104034,0.007961783,0.022027601,Spanish,1,0
6001401700,3002,2985,2230,755,0.252931323,2738,2030,174,245,41,20,42,0,0,0,59,10,30,0,22,0,0,0,0,0,27,0,0,0,38,0,0.089481373,0.007304602,0,0,0.003652301,0,0,0,0,0,0,0,Spanish,0,1
6001402500,1786,1786,646,1140,0.638297872,1524,1222,94,13,0,0,0,0,0,0,0,0,0,0,29,20,11,34,21,0,0,0,33,35,0,12,0.008530184,0,0,0,0,0,0.01312336,0.022309711,0,0,0.022965879,0.007874016,Arabic,1,0
6001401600,2269,2269,1280,989,0.435874835,2166,1518,52,151,0,16,5,7,0,0,33,0,8,14,31,66,17,53,9,0,36,0,19,0,68,63,0.069713758,0.007386888,0.003231764,0,0,0.006463527,0.030470914,0.024469067,0,0,0,0.029085873,Spanish,1,1
6001401800,1794,1794,1017,777,0.433110368,1701,1439,73,100,18,0,4,0,0,0,0,0,6,0,0,20,0,0,0,0,0,5,15,0,21,0,0.058788948,0,0,0,0,0,0.01175779,0,0,0.002939447,0,0,Spanish,1,1
6001402600,1196,1196,374,822,0.68729097,1153,456,89,17,0,0,5,2,0,0,0,0,0,5,34,423,7,0,17,11,5,0,34,26,11,11,0.014744146,0,0.001734605,0,0,0.004336513,0.366869037,0,0.00954033,0,0.02254987,0.00954033,Chinese,1,1
6001402700,1842,1827,1182,645,0.353037767,1798,1281,113,163,0,0,4,0,19,6,5,0,0,0,49,102,0,0,0,0,17,0,12,0,27,0,0.090656285,0,0,0.003337041,0,0,0.0567297,0,0,0,0,0,Spanish,1,1
6001402200,2527,2515,1240,1275,0.50695825,2409,1570,177,253,0,0,3,0,0,0,0,0,0,0,86,165,11,50,54,9,31,0,0,0,0,0,0.105022831,0,0,0,0,0,0.068493151,0.0207555,0.00373599,0,0,0,Spanish,1,1
6001402400,2787,2768,1699,1069,0.386199422,2635,1937,75,117,24,0,0,0,41,0,20,9,0,58,53,87,11,9,0,28,9,1,15,0,76,65,0.044402277,0,0,0,0.00341556,0.022011385,0.033017078,0.00341556,0.010626186,0.000379507,0,0.024667932,Spanish,1,0
6001402900,1427,1334,632,702,0.526236882,1417,752,91,68,9,0,0,0,0,11,24,0,6,10,33,291,0,15,6,16,34,35,11,0,5,0,0.047988709,0,0,0.007762879,0,0.007057163,0.205363444,0.010585745,0.011291461,0.024700071,0,0,Chinese,1,1
6001403400,4617,4596,3395,1201,0.261314186,4429,2878,161,54,81,0,27,0,0,111,56,16,0,0,56,410,14,0,0,54,65,133,0,0,153,160,0.012192368,0,0,0.025062091,0.003612554,0,0.092571687,0,0.012192368,0.030029352,0,0.036125536,Chinese,0,1
6001403502,2035,2035,1445,590,0.28992629,1977,1353,165,0,104,53,0,0,37,0,37,0,0,0,58,73,0,0,7,7,18,44,0,0,21,0,0,0.026808295,0,0,0,0,0.036924633,0,0.003540718,0.022255943,0,0,Chinese,1,0
6001403600,5252,5157,3704,1453,0.281752957,4972,3470,250,37,83,23,27,0,32,0,78,0,60,31,65,31,0,0,24,3,220,47,0,0,121,370,0.007441673,0.004625905,0,0,0,0.006234916,0.006234916,0,0.000603379,0.009452936,0,0.074416734,Other Unspecified,1,1
6001403702,1898,1898,1463,435,0.22918862,1836,1561,68,0,10,0,10,0,0,0,20,0,0,10,0,132,0,0,25,0,0,0,0,0,0,0,0,0,0,0,0,0.005446623,0.071895425,0,0,0,0,0,Chinese,0,1
6001403900,4020,4020,3026,994,0.247263682,3908,2641,86,40,11,0,31,0,88,32,37,22,0,0,226,67,33,0,23,0,62,75,241,41,63,89,0.010235415,0,0,0.008188332,0.005629478,0,0.017144319,0,0,0.019191402,0.0104913,0.022773797,Other Unspecified,0,0
6001404102,2605,2474,1865,609,0.246160065,2465,1962,42,62,26,0,14,0,5,43,84,10,0,31,30,74,11,27,4,13,8,0,0,0,19,0,0.02515213,0,0,0.017444219,0.004056795,0.012576065,0.030020284,0.010953347,0.005273834,0,0,0,Chinese,0,0
6001404700,2079,2079,1995,84,0.04040404,1888,1621,77,6,47,4,0,0,10,6,29,0,0,0,49,20,0,6,0,0,0,0,0,0,13,0,0.003177966,0.002118644,0,0.003177966,0,0,0.01059322,0.003177966,0,0,0,0,Chinese,0,0
6001405200,5188,5188,3775,1413,0.272359291,5002,3156,408,197,0,0,0,0,10,0,41,0,62,0,277,663,120,16,30,0,0,16,6,0,0,0,0.039384246,0,0,0,0,0,0.132546981,0.003198721,0,0.003198721,0,0,Chinese,0,1
6001405302,2454,2454,1492,962,0.39201304,2329,1188,139,122,29,5,0,0,22,27,52,36,0,24,73,287,95,156,8,0,8,9,0,0,0,49,0.052382997,0.002146844,0,0.011592958,0.015457278,0.010304852,0.123228854,0.066981537,0,0.003864319,0,0.021039073,Chinese,1,1
6001405401,3890,3866,2239,1627,0.420848422,3720,1541,268,295,49,66,35,0,0,49,0,0,0,0,208,792,21,233,17,0,43,37,9,13,34,10,0.079301075,0.017741935,0,0.013172043,0,0,0.212903226,0.062634409,0,0.009946237,0.003494624,0.002688172,Chinese,1,1
6001403300,4240,4240,2415,1825,0.430424528,4199,2214,99,139,0,0,12,0,19,0,36,29,0,0,291,1235,0,79,30,0,16,0,0,0,0,0,0.03310312,0,0,0,0.006906406,0,0.294117647,0.018814003,0,0,0,0,Chinese,1,1
6001403501,4644,4599,2617,1982,0.430963253,4490,2808,287,19,16,0,16,0,13,0,31,23,0,71,22,509,33,32,0,2,30,265,0,0,152,161,0.004231626,0,0,0,0.005122494,0.015812918,0.113363029,0.007126949,0.000445434,0.059020045,0,0.035857461,Chinese,1,1
6001403701,2795,2757,2217,540,0.195865071,2780,2069,161,8,59,8,0,0,0,8,45,58,0,0,9,29,19,0,20,16,79,29,0,0,81,82,0.002877698,0.002877698,0,0.002877698,0.020863309,0,0.010431655,0,0.005755396,0.010431655,0,0.029496403,Other Unspecified,0,0
6001404000,2998,2998,2496,502,0.167444963,2920,2090,204,55,34,0,19,0,24,15,88,82,0,0,41,22,0,8,114,0,57,0,38,0,29,0,0.018835616,0,0,0.005136986,0.028082192,0,0.007534247,0.002739726,0,0,0,0,Other Indo-European,0,0
6001404200,3849,3666,3411,255,0.069558101,3594,2809,77,0,32,0,0,0,0,0,262,108,23,32,85,76,28,0,44,8,5,5,0,0,0,0,0,0,0,0,0.030050083,0.008903728,0.021146355,0,0.002225932,0.001391208,0,0,Other Indo-European,0,0
6001403800,3343,3343,3043,300,0.089739755,3170,2472,86,17,66,0,23,0,20,10,72,0,28,10,130,70,23,10,22,0,18,0,28,0,65,0,0.005362776,0,0,0.003154574,0,0.003154574,0.022082019,0.003154574,0,0,0,0,Chinese,0,0
6001404101,3088,3086,2780,306,0.099157485,2934,2629,78,1,0,0,10,0,0,0,31,11,15,0,18,18,5,0,53,0,9,12,9,0,20,15,0.000340832,0,0,0,0.003749148,0,0.006134969,0,0,0.00408998,0,0.005112474,Chinese,0,0
6001404800,2707,2707,2094,613,0.226449945,2533,1615,399,0,30,0,8,0,0,0,28,0,11,0,94,99,0,18,41,41,0,0,0,0,97,52,0,0,0,0,0,0,0.03908409,0.007106198,0.01618634,0,0,0.020529017,Chinese,0,0
6001405301,2955,2955,2399,556,0.188155668,2871,2206,124,137,17,2,0,0,0,0,20,0,0,9,25,144,0,0,18,22,31,9,0,0,85,22,0.047718565,0.000696621,0,0,0,0.003134796,0.05015674,0,0.007662835,0.003134796,0,0.007662835,Chinese,0,1
6001405000,3269,3257,2924,333,0.102241326,3015,2522,204,0,21,0,11,7,12,23,8,7,8,0,35,142,0,0,0,0,14,0,0,0,1,0,0,0,0.002321725,0.007628524,0.002321725,0,0.047097844,0,0,0,0,0,Chinese,0,0
6001404501,1795,1795,1725,70,0.038997214,1693,1390,17,25,56,0,24,0,0,0,11,9,0,0,27,15,7,9,0,18,41,18,0,0,26,0,0.014766686,0,0,0,0.005316007,0,0.008860012,0.005316007,0.010632014,0.010632014,0,0,Spanish,0,0
6001404900,3973,3973,3441,532,0.133903851,3664,3103,109,6,34,0,10,0,0,0,68,0,8,0,112,131,0,0,9,0,22,0,23,22,7,0,0.001637555,0,0,0,0,0,0.035753275,0,0,0,0.006004367,0,Chinese,0,0
6001405100,4324,4324,4145,179,0.041396855,3997,3393,43,90,74,14,99,0,0,9,41,5,0,0,84,51,8,8,31,0,17,30,0,0,0,0,0.022516888,0.003502627,0,0.002251689,0.001250938,0,0.01275957,0.002001501,0,0.007505629,0,0,Spanish,0,0
6001405402,3275,3200,1488,1712,0.535,3077,1157,183,387,24,30,0,0,27,8,0,3,0,0,100,458,110,181,18,0,0,21,43,11,59,257,0.125771856,0.009749756,0,0.002599935,0.000974976,0,0.148846279,0.058823529,0,0.006824829,0.003574911,0.083522912,Chinese,1,1
6001405500,4063,4063,3008,1055,0.259660349,3891,1961,214,86,67,0,11,0,0,0,58,24,13,0,195,285,89,624,49,0,19,118,0,0,32,46,0.022102287,0,0,0,0.00616808,0,0.073245952,0.160370085,0,0.030326394,0,0.011822154,Vietnamese,0,1
6001405901,4348,4348,1394,2954,0.679392824,4033,1222,557,872,13,0,0,0,0,0,0,0,0,0,67,441,57,227,16,60,189,287,0,0,0,25,0.216216216,0,0,0,0,0,0.10934788,0.056285643,0.014877263,0.071162906,0,0.006198859,Spanish,1,1
6001405902,2979,2979,1483,1496,0.50218194,2777,651,305,231,5,3,13,0,0,0,49,43,0,0,175,446,101,320,21,22,82,144,26,44,23,73,0.083183291,0.001080302,0,0,0.015484336,0,0.160604969,0.115232265,0.007922218,0.051854519,0.015844436,0.02628736,Chinese,1,1
6001406202,4751,4559,1829,2730,0.59881553,4420,1234,895,1343,0,0,0,24,0,0,9,0,0,0,10,138,0,0,142,102,19,73,91,8,34,298,0.303846154,0,0.005429864,0,0,0,0.031221719,0,0.023076923,0.016515837,0.001809955,0.067420814,Spanish,1,1
6001406400,2466,2294,1337,957,0.41717524,2398,1529,149,219,0,0,0,0,11,0,25,0,0,3,10,75,35,157,20,0,47,92,0,0,0,26,0.091326105,0,0,0,0,0.001251043,0.031276063,0.065471226,0,0.038365304,0,0.010842369,Spanish,1,1
6001406602,2795,2795,1500,1295,0.46332737,2575,1128,371,105,0,0,10,0,0,0,30,0,0,0,102,177,54,72,31,125,89,52,77,131,16,5,0.040776699,0,0,0,0,0,0.068737864,0.027961165,0.048543689,0.020194175,0.050873786,0.001941748,Chinese,1,1
6001407500,4560,4499,1218,3281,0.729273172,4163,1629,867,1246,15,0,0,0,0,0,0,0,0,23,20,64,0,36,0,18,124,0,85,36,0,0,0.299303387,0,0,0,0,0.005524862,0.015373529,0.00864761,0.004323805,0,0.00864761,0,Spanish,1,1
6001407600,6606,6601,4129,2472,0.374488714,6007,3791,829,734,23,0,11,0,0,0,0,0,0,0,0,31,15,0,12,36,206,156,1,147,15,0,0.122190777,0,0,0,0,0,0.005160646,0,0.005993008,0.025969702,0.02447145,0,Spanish,1,1
6001407700,4288,4209,3402,807,0.191732003,3948,3212,295,76,39,40,29,0,7,0,11,1,40,0,36,25,29,22,65,0,10,0,0,11,0,0,0.019250253,0.010131712,0,0,0.000253293,0,0.00633232,0.005572442,0,0,0.002786221,0,Spanish,0,0
6001408400,3089,3084,1302,1782,0.577821012,2967,1583,684,551,0,0,0,0,0,0,14,18,0,0,49,67,0,0,0,0,0,0,0,0,1,0,0.185709471,0,0,0,0.006066734,0,0.022581732,0,0,0,0,0,Spanish,1,1
6001408700,7628,7594,4211,3383,0.445483276,6985,3735,1173,1497,81,0,1,0,0,0,21,0,0,2,48,0,0,77,0,0,54,21,42,54,179,0,0.214316392,0,0,0,0,0.000286328,0,0.011023622,0,0.003006442,0.007730852,0,Spanish,1,1
6001409200,3577,3564,2004,1560,0.437710438,3354,1334,833,748,0,0,0,0,0,0,9,0,0,7,8,9,0,0,93,26,52,0,9,62,144,20,0.223017293,0,0,0,0,0.00208706,0.002683363,0,0.007751938,0,0.018485391,0.005963029,Spanish,1,1
6001409300,5433,5424,2454,2970,0.547566372,4892,1829,1458,1376,0,0,0,0,9,0,0,0,0,0,0,0,0,0,19,15,54,24,19,71,0,18,0.281275552,0,0,0,0,0,0,0,0.003066231,0.004905969,0.014513491,0.003679477,Spanish,1,1
6001409500,4272,4264,1607,2657,0.623123827,3855,1497,1152,1008,0,0,0,0,0,0,0,0,0,0,10,0,0,8,0,0,48,8,49,46,17,12,0.261478599,0,0,0,0,0,0,0.002075227,0,0.002075227,0.011932555,0.00311284,Spanish,1,1
6001405600,3292,3292,2324,968,0.294046173,3089,1771,440,174,39,0,0,0,0,0,11,71,0,0,196,252,10,17,0,0,25,24,0,0,25,34,0.056328909,0,0,0,0.022984785,0,0.081579799,0.005503399,0,0.007769505,0,0.011006798,Chinese,1,1
6001405700,3434,3434,1922,1512,0.440302854,3305,1521,144,344,0,0,14,0,0,0,5,0,0,0,131,289,45,173,34,34,219,101,71,67,55,58,0.10408472,0,0,0,0,0,0.087443268,0.052344932,0.010287443,0.030559758,0.020272315,0.017549168,Spanish,1,1
6001405800,4645,4598,2280,2318,0.504132231,4465,1728,346,391,0,0,25,0,0,0,0,0,0,0,175,500,189,384,60,120,138,143,30,54,0,182,0.087569989,0,0,0,0,0,0.111982083,0.08600224,0.0268757,0.032026876,0.012094065,0.040761478,Chinese,1,1
6001406000,3344,3344,1564,1780,0.532296651,3290,1225,218,310,8,0,0,0,0,0,43,45,6,0,136,769,65,165,0,0,62,25,0,0,143,70,0.094224924,0,0,0,0.013677812,0,0.233738602,0.050151976,0,0.007598784,0,0.021276596,Chinese,1,1
6001406201,4858,4737,2066,2671,0.563858982,4459,1340,739,808,18,0,17,0,13,48,14,116,0,0,241,315,0,60,0,21,182,332,52,0,73,70,0.181206549,0,0,0.010764745,0.026014802,0,0.070643642,0.013455932,0.004709576,0.074456156,0,0.015698587,Spanish,1,1
6001406100,4659,4621,2184,2437,0.527375027,4308,1215,1082,1180,0,0,0,0,0,0,9,0,0,0,48,171,0,107,105,11,25,0,0,0,113,242,0.273909006,0,0,0,0,0,0.039693593,0.024837512,0.002553389,0,0,0.056174559,Spanish,1,1
6001406500,6055,5938,2744,3194,0.537891546,5747,1725,1315,1183,31,0,0,0,6,11,25,0,0,0,201,554,0,41,83,26,184,126,94,49,64,29,0.205846529,0,0,0.001914042,0,0,0.096398121,0.007134157,0.0045241,0.021924482,0.008526188,0.005046111,Spanish,1,1
6001406300,4425,4425,2459,1966,0.444293785,4166,1825,614,563,0,0,0,0,0,0,24,22,0,23,100,441,39,129,25,14,77,111,28,20,111,0,0.135141623,0,0,0,0.005280845,0.005520883,0.105856937,0.030964954,0.003360538,0.026644263,0.004800768,0,Spanish,1,1
6001406601,5042,5042,3060,1982,0.393097977,4728,2009,702,534,22,8,12,0,0,0,9,0,0,0,186,548,117,119,14,0,0,56,91,78,37,186,0.112944162,0.001692047,0,0,0,0,0.115905245,0.025169205,0,0.011844332,0.016497462,0.039340102,Chinese,1,1
6001406700,4992,4970,4001,969,0.194969819,4675,3571,166,0,64,0,44,0,0,0,39,12,24,19,119,477,13,17,0,0,34,0,0,0,62,14,0,0,0,0,0.002566845,0.004064171,0.102032086,0.003636364,0,0,0,0.002994652,Chinese,0,1
6001406800,3510,3504,2907,597,0.170376712,3203,2227,201,73,50,7,6,0,0,0,99,8,0,0,208,224,22,33,5,0,6,15,0,8,11,0,0.022791133,0.002185451,0,0,0.002497658,0,0.069934436,0.010302841,0,0.00468311,0.002497658,0,Chinese,0,1
6001407000,5924,5795,3241,2554,0.440724763,5639,2499,718,903,0,0,5,0,0,0,0,0,0,0,270,627,7,202,18,34,75,128,0,118,20,15,0.160134776,0,0,0,0,0,0.111189927,0.035821954,0.006029438,0.02269906,0.020925696,0.002660046,Spanish,1,1
6001407200,6894,6846,2975,3871,0.565439673,6493,1521,1526,2411,0,5,3,0,0,0,20,28,22,0,69,374,42,152,109,36,35,17,24,73,18,8,0.371322963,0.00077006,0,0,0.004312336,0,0.057600493,0.023409826,0.005544432,0.002618204,0.011242877,0.001232096,Spanish,1,1
6001407900,3074,3068,2621,447,0.145697523,2850,2001,197,104,0,0,24,0,0,0,132,24,17,24,71,82,26,0,46,17,27,45,13,0,0,0,0.036491228,0,0,0,0.008421053,0.008421053,0.02877193,0,0.005964912,0.015789474,0,0,Spanish,0,0
6001408200,4455,4428,2972,1456,0.328816621,4166,3392,265,184,27,0,2,0,4,9,24,0,0,0,19,47,7,0,34,0,19,40,31,56,6,0,0.044167067,0,0,0.002160346,0,0,0.011281805,0,0,0.009601536,0.013442151,0,Spanish,1,0
6001406900,3708,3684,2962,722,0.195982628,3466,2380,173,101,16,3,53,0,0,0,39,0,0,0,225,288,3,0,36,0,29,28,8,72,12,0,0.029140219,0.000865551,0,0,0,0,0.083092902,0,0,0.008078477,0.020773226,0,Chinese,0,1
6001407101,3737,3737,1726,2011,0.538132192,3428,1105,803,668,10,0,6,0,0,0,0,0,10,13,131,438,0,60,22,46,0,15,0,0,58,43,0.194865811,0,0,0,0,0.003792299,0.127771295,0.017502917,0.013418903,0.004375729,0,0.012543757,Spanish,1,1
6001407102,4416,4308,2590,1718,0.398792943,3988,1866,813,752,30,0,0,0,0,0,18,18,8,0,36,108,0,114,55,32,66,72,0,0,0,0,0.188565697,0,0,0,0.004513541,0,0.027081244,0.028585757,0.008024072,0.018054162,0,0,Spanish,1,1
6001407300,2440,2420,1043,1377,0.569008264,2346,731,536,707,4,0,0,0,0,0,4,0,0,0,0,63,79,138,5,0,11,19,0,32,8,9,0.301364024,0,0,0,0,0,0.02685422,0.058823529,0,0.008098892,0.013640239,0.003836317,Spanish,1,1
6001408000,2718,2280,2062,218,0.095614035,2655,1977,203,0,17,6,30,0,16,7,77,13,6,0,140,79,13,6,29,0,0,0,0,0,36,0,0,0.002259887,0,0.002636535,0.004896422,0,0.029755179,0.002259887,0,0,0,0,Chinese,0,0
6001408500,5997,5943,3054,2889,0.486118122,5313,2402,1316,1313,0,0,0,0,0,0,36,41,0,0,0,0,8,24,4,0,64,0,0,105,0,0,0.247129682,0,0,0,0.007716921,0,0,0.004517222,0,0,0.019762846,0,Spanish,1,1
6001409000,3904,3894,2273,1621,0.416281459,3473,1616,847,773,15,0,0,0,0,0,0,0,0,0,0,29,40,32,0,0,91,20,0,10,0,0,0.222574143,0,0,0,0,0,0.00835013,0.009213936,0,0.00575871,0.002879355,0,Spanish,1,1
6001407400,4399,4399,2074,2325,0.528529211,4032,1125,899,1544,0,0,0,0,0,0,0,0,0,0,52,28,10,13,68,7,170,116,0,0,0,0,0.382936508,0,0,0,0,0,0.006944444,0.003224206,0.001736111,0.028769841,0,0,Spanish,1,1
6001407800,2734,1895,1471,424,0.223746702,2642,1811,233,57,7,0,12,0,5,0,64,0,21,0,129,78,5,10,59,0,21,23,11,0,50,46,0.021574565,0,0,0,0,0,0.029523089,0.003785011,0,0.008705526,0,0.017411052,Chinese,0,0
6001408800,7054,6995,2337,4658,0.665904217,6208,2445,1379,1750,13,0,0,0,9,0,231,0,0,5,44,79,0,28,0,0,0,42,93,90,0,0,0.28189433,0,0,0,0,0.000805412,0.012725515,0.004510309,0,0.006765464,0.014497423,0,Spanish,1,1
6001408300,5323,5296,3943,1353,0.255475831,5012,3400,548,523,15,0,14,0,31,0,8,15,0,0,84,197,15,58,40,7,57,0,0,0,0,0,0.104349561,0,0,0,0.002992817,0,0.039305666,0.011572227,0.001396648,0,0,0,Spanish,0,1
6001408600,6947,6919,3160,3759,0.543286602,6189,2815,1353,1644,0,0,0,0,0,0,28,0,0,0,8,30,38,144,0,0,0,13,0,0,97,19,0.265632574,0,0,0,0,0,0.00484731,0.023267087,0,0.002100501,0,0.003069963,Spanish,1,1
6001408900,3115,3115,1348,1767,0.567255217,2792,1190,815,668,0,0,0,0,0,0,0,0,0,0,0,0,16,71,6,8,11,0,0,0,0,7,0.239255014,0,0,0,0,0,0,0.025429799,0.00286533,0,0,0.002507163,Spanish,1,1
6001409100,2327,2306,1352,954,0.413703382,2157,988,552,520,0,0,0,6,0,0,0,0,0,0,0,0,2,7,0,0,71,11,0,0,0,0,0.241075568,0,0.002781641,0,0,0,0,0.003245248,0,0.005099675,0,0,Spanish,1,1
6001409400,5022,4966,2172,2794,0.562625856,4543,1178,1375,1450,12,0,0,0,0,0,24,0,0,0,54,225,0,73,12,0,4,4,0,0,96,36,0.319172353,0,0,0,0,0,0.049526744,0.016068677,0,0.000880475,0,0.007924279,Spanish,1,1
6001410100,2674,2674,1768,906,0.33881825,2524,2094,170,129,11,0,42,0,0,0,0,0,0,0,20,32,0,0,0,0,0,0,15,11,0,0,0.05110935,0,0,0,0,0,0.012678288,0,0,0,0.004358162,0,Spanish,1,1
6001410200,3399,3399,1900,1499,0.441012062,3065,2070,546,378,2,0,0,0,0,0,0,0,0,0,0,0,0,0,0,46,0,22,0,0,1,0,0.123327896,0,0,0,0,0,0,0,0.015008157,0.007177814,0,0,Spanish,1,1
6001423300,3764,3764,2691,1073,0.285069075,3504,2919,161,220,18,0,13,0,0,0,53,0,0,0,27,0,0,0,0,0,37,48,0,0,0,8,0.062785388,0,0,0,0,0,0,0,0,0.01369863,0,0.002283105,Spanish,1,1
6001409600,5188,5183,2134,3049,0.588269342,4916,1565,1578,1537,14,0,0,0,9,0,3,0,0,0,0,0,21,134,0,0,13,18,0,0,0,24,0.312652563,0,0,0,0,0,0,0.027257933,0,0.003661513,0,0.004882018,Spanish,1,1
6001409700,5183,5149,2604,2545,0.494270732,4774,2210,1418,813,0,0,0,0,0,0,0,3,0,0,12,27,16,0,0,0,30,12,0,0,54,179,0.170297444,0,0,0,0.000628404,0,0.005655635,0,0,0.002513615,0,0.037494763,Spanish,1,1
6001410400,4185,4182,2794,1388,0.331898613,3911,2059,826,690,0,0,0,0,5,0,19,0,0,0,22,135,19,64,29,0,0,0,0,0,9,34,0.176425467,0,0,0,0,0,0.034518026,0.016364101,0,0,0,0.008693429,Spanish,1,1
6001409800,3519,3501,2451,1050,0.29991431,3282,2433,317,102,17,0,10,0,76,15,0,0,0,0,14,38,17,0,28,0,121,33,0,0,61,0,0.031078611,0,0,0.004570384,0,0,0.011578306,0,0,0.010054845,0,0,Spanish,1,0
6001410000,3367,3367,3022,345,0.102465102,3094,2712,113,59,1,0,12,0,0,0,88,24,0,0,22,40,0,0,5,0,0,0,0,0,11,7,0.019069166,0,0,0,0.007756949,0,0.012928248,0,0,0,0,0.002262443,Spanish,0,0
6001410300,3851,3851,1994,1857,0.482212412,3505,1035,1050,1273,8,5,0,0,0,0,17,0,0,0,0,0,0,0,0,0,50,46,0,0,21,0,0.363195435,0.001426534,0,0,0,0,0,0,0,0.013124108,0,0,Spanish,1,1
6001410500,2373,2373,749,1624,0.684365782,2158,1601,73,14,12,0,5,0,7,0,15,0,0,0,35,109,22,64,26,17,0,21,9,35,54,39,0.006487488,0,0,0,0,0,0.050509731,0.02965709,0.007877665,0.009731233,0.016218721,0.018072289,Chinese,1,1
6001422200,3347,3347,2566,781,0.233343293,3191,2406,370,60,67,0,0,0,0,18,49,0,0,0,69,29,0,0,0,36,40,9,0,0,38,0,0.018802883,0,0,0.005640865,0,0,0.00908806,0,0.01128173,0.002820432,0,0,Spanish,0,0
6001422100,2754,2736,1965,771,0.281798246,2640,1819,415,151,26,0,11,0,7,0,13,4,62,0,66,35,5,0,13,0,0,0,0,0,13,0,0.05719697,0,0,0,0.001515152,0,0.013257576,0,0,0,0,0,Spanish,1,1
6001423000,4991,4991,3962,1029,0.206171108,4786,3458,222,80,95,20,51,17,0,0,100,0,30,0,180,356,87,0,0,0,90,0,0,0,0,0,0.01671542,0.004178855,0.003552027,0,0,0,0.074383619,0,0,0,0,0,Chinese,0,1
6001423200,3004,2981,1773,1208,0.405233143,2812,1909,333,265,7,0,0,0,0,0,32,7,37,7,61,0,15,0,37,0,63,6,0,33,0,0,0.094238976,0,0,0,0.002489331,0.002489331,0,0,0,0.002133713,0.01173542,0,Spanish,1,1
6001422000,2071,2052,1449,603,0.293859649,1911,1561,59,15,41,8,8,0,2,0,32,0,0,10,53,0,0,0,0,0,9,19,74,20,0,0,0.007849294,0.00418629,0,0,0,0.005232862,0,0,0,0.009942439,0.010465725,0,Arabic,1,0
6001423100,4272,4230,3204,1026,0.242553191,4068,3000,201,106,55,0,38,0,47,0,84,118,9,0,107,95,14,9,66,3,69,24,0,11,3,9,0.02605703,0,0,0,0.029006883,0,0.023352999,0.002212389,0.000737463,0.005899705,0.002704031,0.002212389,Other Indo-European,0,0
6001423400,5069,5069,3565,1504,0.296705465,4911,4004,361,132,0,0,18,0,10,0,70,0,5,40,73,117,0,0,24,21,0,36,0,0,0,0,0.026878436,0,0,0,0,0.008144981,0.023824068,0,0.004276115,0.007330483,0,0,Spanish,1,0
6001423500,3501,3381,2006,1375,0.406684413,3293,2498,257,67,34,0,36,0,0,0,96,10,37,23,90,0,0,0,9,9,28,9,0,29,43,18,0.020346189,0,0,0,0.003036745,0.006984513,0,0,0.00273307,0.00273307,0.008806559,0.00546614,Spanish,1,0
6001423902,1593,1567,1372,195,0.124441608,1535,1234,81,7,17,0,8,0,9,7,46,23,4,0,27,13,0,0,46,0,0,0,0,0,0,13,0.004560261,0,0,0.004560261,0.014983713,0,0.008469055,0,0,0,0,0.008469055,Other Indo-European,0,0
6001424001,4151,4133,2546,1587,0.383982579,3977,2882,271,166,6,0,15,0,25,11,238,62,0,0,36,33,27,0,15,0,111,22,8,0,38,11,0.041740005,0,0,0.002765904,0.01558964,0,0.008297712,0,0,0.005531808,0,0.002765904,Spanish,1,0
6001425103,2789,2789,2490,299,0.107206884,2721,2147,86,64,37,0,40,0,54,0,58,7,30,0,36,44,0,0,30,0,70,0,9,0,9,0,0.023520764,0,0,0,0.002572584,0,0.016170526,0,0,0,0,0,Spanish,0,0
6001425104,3658,3657,2574,1083,0.296144381,3462,2422,404,45,51,0,50,0,23,0,86,11,21,21,103,44,9,25,51,52,19,8,8,0,9,0,0.012998267,0,0,0,0.003177354,0.006065858,0.012709417,0.007221259,0.01502022,0.002310803,0,0,Tagalog,1,0
6001426100,6404,6393,6217,176,0.027530111,6188,5389,206,0,21,0,0,0,0,0,115,0,78,0,152,186,1,0,18,0,0,0,0,0,22,0,0,0,0,0,0,0,0.030058177,0,0,0,0,0,Chinese,0,0
6001426200,4904,4904,4505,399,0.081362153,4719,4042,105,14,48,0,12,0,0,0,44,0,7,0,180,85,0,0,14,0,130,27,0,0,11,0,0.00296673,0,0,0,0,0,0.018012291,0,0,0.005721551,0,0,Chinese,0,0
6001427200,4195,4112,2857,1255,0.30520428,4041,2370,238,196,0,8,25,0,15,0,3,0,25,28,161,258,182,160,222,74,28,0,0,0,48,0,0.048502846,0.001979708,0,0,0,0.006928978,0.063845583,0.03959416,0.018312299,0,0,0,Chinese,1,1
6001427300,5084,5084,4024,1060,0.208497246,4722,2605,173,157,84,15,30,0,51,0,69,19,37,6,317,378,97,186,259,125,55,30,0,0,13,16,0.033248623,0.00317662,0,0,0.004023719,0.001270648,0.080050826,0.039390089,0.026471834,0.00635324,0,0.003388395,Chinese,0,1
6001427600,5559,5529,3144,2385,0.43136191,5141,2443,339,180,27,0,102,0,38,9,297,178,108,8,94,280,94,102,166,148,76,143,53,93,92,71,0.035012643,0,0,0.001750632,0.034623614,0.001556117,0.054464112,0.019840498,0.028788174,0.0278156,0.018089866,0.013810543,Chinese,1,1
6001427700,5190,5177,4288,889,0.171721074,4906,3496,444,84,12,0,31,0,21,6,225,16,0,0,40,279,0,0,75,105,46,26,0,0,0,0,0.017121892,0,0,0.001222992,0.003261313,0,0.05686914,0,0.021402364,0.005299633,0,0,Chinese,0,1
6001427800,5052,5052,4463,589,0.11658749,4830,3257,74,6,54,0,7,0,0,0,68,65,41,16,90,5,81,44,445,444,70,12,43,8,0,0,0.001242236,0,0,0,0.013457557,0.003312629,0.001035197,0.009109731,0.091925466,0.002484472,0.001656315,0,Tagalog,0,1
6001427900,5031,5021,4192,829,0.165106552,4788,3522,127,74,0,0,23,17,21,17,18,76,0,0,71,44,23,132,420,104,60,39,0,0,0,0,0.015455305,0,0.003550543,0.003550543,0.015873016,0,0.009189641,0.027568922,0.021720969,0.008145363,0,0,Vietnamese,0,0
6001428000,2593,2593,1777,816,0.314693405,2485,1391,412,65,0,0,14,0,12,5,65,23,7,0,48,186,0,0,136,93,15,13,0,0,0,0,0.026156942,0,0,0.002012072,0.009255533,0,0.074849095,0,0.037424547,0.005231388,0,0,Chinese,1,1
6001423601,2804,2768,2111,657,0.237355491,2726,2223,103,9,66,0,15,0,8,0,102,13,0,0,49,8,47,0,0,0,32,8,19,8,16,0,0.003301541,0,0,0,0.004768892,0,0.002934703,0,0,0.002934703,0.002934703,0,Other Indo-European,0,0
6001424002,2507,2483,1965,518,0.208618607,2341,1603,281,178,42,0,9,0,7,0,81,19,0,0,52,12,8,0,7,21,6,4,0,0,11,0,0.076035882,0,0,0,0.00811619,0,0.005126015,0,0.008970525,0.001708672,0,0,Spanish,0,1
6001425102,3689,3689,3131,558,0.151260504,3482,1794,213,8,0,0,18,0,17,8,232,23,125,94,249,297,0,117,9,10,198,45,0,0,16,9,0.00229753,0,0,0.00229753,0.006605399,0.026995979,0.085295807,0.033601379,0.002871913,0.012923607,0,0.002584721,Chinese,0,1
6001423901,1954,1954,1522,432,0.221084954,1896,1541,151,26,31,5,15,0,0,0,21,1,8,0,37,0,11,0,0,0,17,0,0,0,17,15,0.01371308,0.002637131,0,0,0.000527426,0,0,0,0,0,0,0.007911392,Spanish,0,0
6001427100,3768,3619,3308,311,0.085935341,3519,2890,117,47,29,0,37,0,20,0,0,3,32,10,62,58,12,20,39,12,83,34,0,0,10,4,0.013356067,0,0,0,0.000852515,0.002841716,0.016481955,0.005683433,0.00341006,0.009661836,0,0.001136687,Chinese,0,0
6001425101,1588,1588,1314,274,0.172544081,1553,1020,9,22,92,0,9,0,27,18,76,68,37,10,63,54,10,0,0,0,12,10,0,0,8,8,0.01416613,0,0,0.01159047,0.04378622,0.00643915,0.03477141,0,0,0.00643915,0,0.00515132,Other Indo-European,0,0
6001428100,4968,4968,4373,595,0.119766506,4725,3451,247,94,7,30,25,0,52,8,51,49,12,38,105,339,74,13,80,21,12,0,10,7,0,0,0.01989418,0.006349206,0,0.001693122,0.01037037,0.008042328,0.071746032,0.002751323,0.004444444,0,0.001481481,0,Chinese,0,1
6001428200,6643,6601,5443,1158,0.175427965,6246,4064,278,98,69,17,0,0,0,40,221,67,165,44,151,277,79,179,118,30,150,92,25,26,56,0,0.015690042,0.002721742,0,0.006404099,0.010726865,0.007044508,0.044348383,0.028658341,0.004803074,0.014729427,0.004162664,0,Chinese,0,0
6001428301,7118,7103,6633,470,0.066169224,6748,4385,147,49,29,24,0,0,22,15,116,38,75,58,724,593,54,57,66,47,109,0,0,0,103,37,0.007261411,0.003556609,0,0.002222881,0.005631298,0.008595139,0.08787789,0.008446947,0.006965027,0,0,0.005483106,Chinese,0,1
6001428302,7501,7440,6981,459,0.061693548,7132,5163,223,162,32,12,94,0,110,13,50,13,0,34,508,541,69,27,47,12,21,0,0,0,1,0,0.022714526,0.001682557,0,0.001822771,0.001822771,0.004767246,0.0758553,0.003785754,0.001682557,0,0,0,Chinese,0,1
6001428400,4653,4352,3690,662,0.152113971,4287,2673,290,133,36,28,46,0,25,4,176,115,69,42,133,76,140,165,61,0,9,0,0,0,50,16,0.031024026,0.006531374,0,0.000933053,0.026825286,0.009797061,0.017728015,0.038488453,0,0,0,0.003732214,Vietnamese,0,0
6001428500,3152,3080,2461,619,0.200974026,2927,1720,105,75,12,15,10,0,61,24,35,14,13,0,72,255,37,18,89,77,68,79,23,54,71,0,0.025623505,0.005124701,0,0.008199522,0.004783054,0,0.087119918,0.006149641,0.026306799,0.026990092,0.018448924,0,Chinese,0,1
6001428600,3471,3350,2740,610,0.182089552,3354,2203,66,26,17,0,16,13,55,24,61,9,53,68,274,328,0,7,68,46,0,20,0,0,0,0,0.007751938,0,0.003875969,0.007155635,0.002683363,0.020274299,0.097793679,0.00208706,0.013714967,0.005963029,0,0,Chinese,0,1
6001428700,4484,4142,2772,1370,0.330758088,4105,2299,290,109,13,0,20,0,9,0,0,20,80,30,236,459,75,117,46,11,112,37,24,7,81,30,0.026552984,0,0,0,0.004872107,0.007308161,0.11181486,0.028501827,0.002679659,0.009013398,0.001705238,0.007308161,Chinese,1,1
6001430600,6624,6614,5577,1037,0.15678863,6061,4238,210,225,33,0,0,0,1,52,94,0,0,1,482,293,86,66,144,0,36,33,0,0,24,43,0.037122587,0,0,0.008579442,0,0.000164989,0.048341858,0.010889292,0,0.005444646,0,0.007094539,Chinese,0,0
6001430700,4140,4105,3437,668,0.16272838,3832,2730,226,65,0,0,9,0,49,16,54,45,16,0,262,197,0,0,0,0,50,34,28,14,11,26,0.016962422,0,0,0.004175365,0.011743215,0,0.051409186,0,0,0.008872651,0.003653445,0.006784969,Chinese,0,1
6001430800,5232,5156,4334,822,0.159425912,4926,3502,176,154,0,0,0,0,17,75,184,17,0,0,269,422,0,0,14,0,17,79,0,0,0,0,0.031262688,0,0,0.015225335,0.003451076,0,0.085667885,0,0,0.016037353,0,0,Chinese,0,1
6001430900,5359,5168,3555,1613,0.312113003,4872,3064,375,172,0,0,22,0,120,42,21,98,0,0,116,141,12,0,127,40,105,41,161,198,17,0,0.035303777,0,0,0.00862069,0.020114943,0,0.028940887,0,0.008210181,0.008415435,0.040640394,0,Arabic,1,0
6001432400,6583,6414,4534,1880,0.293108824,6311,2553,1158,648,0,0,8,0,10,10,67,22,0,0,245,464,89,129,426,221,72,40,79,33,37,0,0.102677864,0,0,0.001584535,0.003485977,0,0.073522421,0.020440501,0.035018222,0.00633814,0.005228965,0,Spanish,1,1
6001432600,7314,7187,4953,2234,0.310839015,6735,3695,1034,725,0,0,40,30,28,0,136,134,0,1,157,139,67,132,151,48,45,38,0,0,99,36,0.107646622,0,0.004454343,0,0.019896065,0.000148478,0.020638456,0.019599109,0.007126949,0.005642168,0,0.005345212,Spanish,1,1
6001433200,7625,7489,4480,3009,0.401789291,6919,3566,495,334,0,0,55,33,0,13,64,120,0,16,257,708,30,268,430,179,120,0,45,0,115,71,0.048272872,0,0.004769475,0.001878884,0.017343547,0.002312473,0.102326926,0.038733921,0.025870791,0,0,0.010261598,Chinese,1,1
6001433400,6244,6244,5452,792,0.126841768,5940,2563,147,43,0,0,27,13,24,79,59,32,15,86,804,834,240,11,303,417,63,163,0,0,17,0,0.007239057,0,0.002188552,0.013299663,0.005387205,0.014478114,0.14040404,0.001851852,0.07020202,0.027441077,0,0,Chinese,0,1
6001430400,2167,2167,1797,370,0.170742963,2110,1649,68,43,0,0,6,6,0,0,33,0,0,0,101,157,0,0,17,0,20,10,0,0,0,0,0.020379147,0,0.002843602,0,0,0,0.074407583,0,0,0.004739336,0,0,Chinese,0,1
6001430300,3812,3812,3551,261,0.068467996,3711,2651,300,44,13,0,57,0,0,0,107,54,0,0,194,252,0,0,0,0,0,37,0,0,0,2,0.011856642,0,0,0,0.014551334,0,0.067906225,0,0,0.009970358,0,0.000538938,Chinese,0,1
6001430500,6049,5661,3908,1753,0.309662604,5617,3584,620,148,18,0,0,0,78,15,229,102,17,18,300,298,27,46,0,5,34,28,4,0,43,3,0.026348585,0,0,0.002670465,0.01815916,0.003204558,0.053053231,0.008189425,0.000890155,0.004984867,0,0.000534093,Chinese,1,1
6001431000,2912,2912,2134,778,0.26717033,2649,1589,181,94,17,0,0,0,0,13,80,164,8,8,74,230,18,14,76,16,18,34,0,15,0,0,0.035485089,0,0,0.004907512,0.061910155,0.003020008,0.086825217,0.005285013,0.006040015,0.012835032,0.005662514,0,Chinese,0,1
6001432100,3739,3739,3138,601,0.160738165,3527,2589,277,72,0,0,8,0,0,0,95,10,20,0,127,135,0,0,68,92,6,0,10,12,6,0,0.02041395,0,0,0,0.002835271,0,0.038276155,0,0.026084491,0,0.003402325,0,Chinese,0,0
6001432200,4443,4419,3308,1111,0.251414347,4074,2576,435,364,0,0,38,0,22,0,124,4,20,68,131,153,0,0,47,8,14,5,0,0,52,13,0.089347079,0,0,0,0.000981836,0.016691213,0.037555228,0,0.001963672,0.001227295,0,0.003190967,Spanish,0,1
6001431100,3587,3587,2822,765,0.213270142,3294,2287,361,241,18,0,25,8,0,0,41,0,0,0,20,39,71,40,32,0,2,28,0,25,36,20,0.073163327,0,0.002428658,0,0,0,0.011839709,0.012143291,0,0.008500304,0.007589557,0.006071645,Spanish,0,1
6001431200,5827,5726,5025,701,0.122424031,5493,3676,681,178,0,0,0,0,65,27,57,0,28,28,102,321,0,0,147,53,62,68,0,0,0,0,0.032404879,0,0,0.004915347,0,0.005097397,0.058438012,0,0.009648644,0.012379392,0,0,Chinese,0,1
6001432300,4719,4710,3854,856,0.181740977,4482,1969,693,557,0,0,9,0,0,0,70,31,0,0,239,416,137,207,56,18,14,66,0,0,0,0,0.124274877,0,0,0,0.006916555,0,0.092815707,0.046184739,0.004016064,0.014725569,0,0,Spanish,0,1
6001432501,4851,4851,3279,1572,0.324056895,4570,1406,488,608,20,15,0,0,35,75,66,67,0,0,307,581,19,68,311,349,45,110,0,0,0,0,0.133041575,0.003282276,0,0.016411379,0.014660832,0,0.127133479,0.01487965,0.076367615,0.024070022,0,0,Spanish,1,1
6001432502,5272,5259,3630,1629,0.309754706,5034,1949,657,664,0,0,0,0,0,0,47,119,0,30,234,401,63,76,376,274,66,40,0,0,38,0,0.131903059,0,0,0,0.023639253,0.005959476,0.079658323,0.015097338,0.054429877,0.007945967,0,0,Spanish,1,1
6001432700,2852,2824,2093,731,0.258852691,2751,1840,280,193,2,0,0,0,0,0,26,48,0,43,117,157,0,0,0,0,12,11,0,0,0,22,0.070156307,0,0,0,0.017448201,0.01563068,0.057070156,0,0,0.003998546,0,0.007997092,Spanish,0,1
6001433104,3608,3608,2380,1228,0.340354767,3349,2054,352,382,21,0,0,0,34,92,24,0,15,10,48,200,9,0,73,35,0,0,0,0,0,0,0.1140639,0,0,0.027470887,0,0.002985966,0.059719319,0,0.010450881,0,0,0,Spanish,1,1
6001432800,3835,3822,3474,348,0.091051805,3628,2240,273,241,24,0,6,0,0,0,40,17,0,0,63,395,63,28,44,20,47,0,65,41,12,9,0.066427784,0,0,0,0.004685777,0,0.108875413,0.007717751,0.005512679,0,0.011300992,0.002480706,Chinese,0,1
6001433102,4297,4283,3654,629,0.146859678,4029,1360,682,565,0,0,0,0,24,0,27,34,40,15,366,584,0,8,162,126,12,13,0,0,0,11,0.140233309,0,0,0,0.008438819,0.003723008,0.144949119,0.001985604,0.031273269,0.003226607,0,0.002730206,Chinese,0,1
6001433103,3993,3993,2667,1326,0.332081142,3843,1716,703,505,9,0,0,0,17,0,54,26,0,0,131,362,26,65,52,9,78,20,0,0,59,11,0.131407754,0,0,0,0.006765548,0,0.094197242,0.016913869,0.00234192,0.005204267,0,0.002862347,Spanish,1,1
6001433300,7743,7743,6034,1709,0.220715485,7503,3219,910,199,0,0,0,0,65,65,151,46,0,11,454,1460,157,271,229,203,0,0,38,25,0,0,0.026522724,0,0,0.008663201,0.006130881,0.00146608,0.194588831,0.036118886,0.027055844,0,0.003332001,0,Chinese,0,1
6001433000,3661,3634,2271,1363,0.375068795,3544,1769,279,227,9,11,24,0,0,0,76,53,0,0,170,501,0,29,167,163,26,28,12,0,0,0,0.064051919,0.003103837,0,0,0.014954853,0,0.141365688,0.008182844,0.045993228,0.007900677,0,0,Chinese,1,1
6001433900,7440,7440,3625,3815,0.512768817,6773,3116,620,1647,0,0,5,0,34,0,0,198,0,0,89,468,0,18,145,92,11,0,174,35,10,111,0.243171416,0,0,0,0.029233722,0,0.069097889,0.002657611,0.013583346,0,0.005167577,0.016388602,Spanish,1,1
6001434000,5156,5156,3098,2058,0.399146625,4808,2271,820,1150,0,0,0,0,0,0,16,39,0,0,96,261,22,52,0,0,10,14,10,9,13,25,0.239184692,0,0,0,0.008111481,0,0.054284526,0.010815308,0,0.002911814,0.00187188,0.005199667,Spanish,1,1
6001435200,4529,4435,3785,650,0.146561443,4236,2558,426,181,0,0,13,0,8,16,120,97,30,24,87,334,3,4,175,102,0,0,0,0,41,17,0.04272899,0,0,0.003777148,0.022898961,0.005665722,0.07884797,0.000944287,0.02407932,0,0,0.00401322,Chinese,0,1
6001435300,4757,4527,3327,1200,0.265076209,4555,2876,508,392,0,0,0,9,6,43,158,30,12,32,8,15,0,8,103,73,210,59,0,13,0,0,0.086059276,0,0.001975851,0.009440176,0.006586169,0.007025247,0.003293085,0.001756312,0.016026345,0.012952799,0.002854007,0,Spanish,0,1
6001435400,4320,4230,2825,1405,0.3321513,4011,2437,466,423,31,0,0,0,0,7,58,29,0,25,93,44,0,123,132,71,61,0,0,0,11,0,0.105459985,0,0,0.001745201,0.007230117,0.00623286,0.010969833,0.030665669,0.017701321,0,0,0,Spanish,1,1
6001435500,4102,4069,2909,1160,0.28508233,3833,1863,733,598,0,0,2,0,0,0,127,66,9,22,21,100,0,9,65,75,45,11,32,13,31,11,0.156013566,0,0,0,0.017218889,0.00573963,0.026089225,0.00234803,0.019566919,0.002869815,0.003391599,0.002869815,Spanish,1,1
6001435601,5718,5605,3439,2166,0.386440678,5332,1929,1326,1261,0,0,10,0,29,17,108,66,0,0,77,55,112,29,86,45,93,76,0,0,13,0,0.236496624,0,0,0.003188297,0.012378095,0,0.010315079,0.00543886,0.00843961,0.014253563,0,0,Spanish,1,1
6001435602,5590,5444,3603,1841,0.338170463,5192,2363,1180,1054,0,0,6,0,0,0,82,71,0,17,10,10,17,34,96,175,40,37,0,0,0,0,0.203004622,0,0,0,0.013674884,0.003274268,0.00192604,0.006548536,0.033705701,0.007126348,0,0,Spanish,1,1
6001436100,6146,6146,4760,1386,0.225512528,5881,2773,1139,509,9,0,36,0,0,68,0,72,0,0,118,505,9,36,306,194,39,49,0,0,19,0,0.086549906,0,0,0.011562659,0.012242816,0,0.08586975,0.006121408,0.032987587,0.008331916,0,0,Spanish,0,1
6001436300,9279,9177,6649,2528,0.275471287,8638,3495,1965,1512,0,0,0,0,0,103,145,139,0,79,221,389,42,52,248,45,84,69,1,0,48,1,0.175040519,0,0,0.011924056,0.016091688,0.009145636,0.045033573,0.006019912,0.005209539,0.00798796,0,0.000115768,Spanish,0,1
6001436401,7776,7767,6139,1628,0.209604738,7170,4896,753,406,15,0,52,15,26,70,160,53,34,51,71,124,9,13,231,96,61,34,0,0,0,0,0.056624826,0,0.00209205,0.009762901,0.007391911,0.007112971,0.017294282,0.00181311,0.013389121,0.00474198,0,0,Spanish,0,1
6001436900,6513,6505,3986,2519,0.387240584,6014,1915,1463,1588,12,0,0,0,0,0,170,84,0,0,56,69,110,71,197,61,152,25,31,10,0,0,0.264050549,0,0,0,0.013967409,0,0.011473229,0.011805786,0.010143,0.004156967,0.001662787,0,Spanish,1,1
6001437200,7495,7379,5716,1663,0.225369291,7040,3464,676,501,0,0,4,0,2,0,190,274,83,69,206,220,52,359,553,325,25,20,17,0,0,0,0.071164773,0,0,0,0.038920455,0.009801136,0.03125,0.050994318,0.046164773,0.002840909,0,0,Spanish,0,1
6001437300,3258,3227,2223,1004,0.311124884,3079,1440,345,480,11,0,0,6,23,0,175,104,0,0,17,40,34,106,144,88,0,8,40,18,0,0,0.155894771,0,0.001948685,0,0.0337772,0,0.012991231,0.034426762,0.028580708,0.002598246,0.005846054,0,Spanish,1,1
6001437500,4586,4502,2855,1647,0.365837406,4201,1354,1155,1079,0,0,7,0,0,0,27,33,0,6,6,61,49,71,264,44,18,25,0,0,2,0,0.256843609,0,0,0,0.007855273,0.001428231,0.014520352,0.016900738,0.010473697,0.005950964,0,0,Spanish,1,1
6001437900,2384,2379,1487,892,0.374947457,2217,608,827,410,6,0,8,0,0,0,63,55,0,0,34,10,0,0,34,38,78,46,0,0,0,0,0.184934596,0,0,0,0.0248083,0,0.0045106,0,0.01714028,0.02074876,0,0,Spanish,1,1
6001433500,4723,4723,3887,836,0.17700614,4367,2026,612,191,0,0,0,0,0,0,53,121,0,0,291,826,13,11,129,67,0,0,0,0,27,0,0.043737119,0,0,0,0.027707809,0,0.189145867,0.002518892,0.01534234,0,0,0,Chinese,0,1
6001433700,3539,3532,2719,813,0.2301812,3242,1125,897,693,0,17,17,0,0,0,41,9,0,14,7,74,29,57,107,101,17,25,12,0,0,0,0.21375694,0.005243677,0,0,0.002776064,0.004318322,0.022825416,0.01758174,0.031153609,0.007711289,0,0,Spanish,0,1
6001433800,7849,7710,5804,1906,0.247211414,7608,2500,1493,977,0,0,6,6,18,0,115,117,67,171,256,750,20,26,329,510,10,0,72,50,115,0,0.128417455,0,0.000788644,0,0.015378549,0.022476341,0.098580442,0.003417455,0.0670347,0,0.006572029,0,Spanish,0,1
6001433600,5722,5722,3370,2352,0.411045089,5595,2747,234,250,0,0,0,0,10,11,19,307,0,34,270,1111,20,254,108,183,19,18,0,0,0,0,0.044682752,0,0,0.001966041,0.05487042,0.006076854,0.198570152,0.045397676,0.032707775,0.003217158,0,0,Chinese,1,1
6001437102,4885,4885,3689,1196,0.244831116,4725,1629,724,411,0,0,0,0,73,27,287,224,0,10,48,412,121,121,173,219,10,63,52,35,52,34,0.086984127,0,0,0.005714286,0.047407407,0.002116402,0.087195767,0.025608466,0.046349206,0.013333333,0.007407407,0.007195767,Chinese,0,1
6001435102,6245,4828,3834,994,0.205882353,5952,3388,856,179,39,15,14,11,109,0,365,141,23,6,246,193,81,23,60,17,70,19,36,18,43,0,0.030073925,0.002520161,0.001848118,0,0.023689516,0.001008065,0.032426075,0.003864247,0.002856183,0.003192204,0.003024194,0,Chinese,0,0
6001435700,4923,4923,3587,1336,0.27137924,4649,2437,732,610,160,97,39,0,0,0,0,15,0,0,39,82,0,77,209,83,41,28,0,0,0,0,0.131211013,0.020864702,0,0,0.0032265,0,0.017638202,0.016562702,0.017853302,0.006022801,0,0,Spanish,0,1
6001435900,5525,5504,4488,1016,0.184593023,5185,2642,683,421,0,0,0,0,39,0,127,28,0,15,170,418,98,127,187,26,75,44,23,25,37,0,0.081195757,0,0,0,0.005400193,0.00289296,0.080617165,0.024493732,0.005014465,0.008486017,0.004821601,0,Spanish,0,1
6001436500,5206,5206,3484,1722,0.330772186,4736,1695,1222,677,0,0,7,0,17,0,157,241,0,0,69,215,61,9,61,89,62,43,65,10,36,0,0.142947635,0,0,0,0.050886824,0,0.045396959,0.001900338,0.01879223,0.009079392,0.002111486,0,Spanish,1,1
6001437600,3755,3552,2534,1018,0.286599099,3544,1200,730,595,0,0,0,0,0,0,144,94,27,17,11,91,26,128,270,93,86,17,4,11,0,0,0.167889391,0,0,0,0.026523702,0.00479684,0.025677201,0.036117381,0.026241535,0.00479684,0.003103837,0,Spanish,1,1
6001437702,4469,4469,2338,2131,0.476840456,4141,716,1046,1942,0,0,0,0,0,0,88,70,0,0,13,20,0,8,30,93,77,0,0,0,38,0,0.468968848,0,0,0,0.016904129,0,0.004829751,0.001931901,0.022458343,0,0,0,Spanish,1,1
6001435104,5826,5814,3927,1887,0.324561404,5249,2070,758,985,36,0,10,0,0,0,335,179,0,0,59,87,88,0,212,156,129,27,18,10,67,23,0.187654791,0,0,0,0.034101734,0,0.016574586,0,0.029719947,0.005143837,0.001905125,0.004381787,Spanish,1,1
6001436602,5256,5250,3529,1721,0.327809524,4885,1777,891,997,0,0,26,0,0,0,342,127,14,7,37,202,0,0,118,116,86,0,0,0,132,13,0.204094166,0,0,0,0.025997953,0.001432958,0.041351075,0,0.023746162,0,0,0.002661208,Spanish,1,1
6001435800,5510,5510,4837,673,0.122141561,5236,2471,1252,536,0,0,23,0,12,0,0,0,0,0,311,359,0,15,148,71,20,18,0,0,0,0,0.10236822,0,0,0,0,0,0.068563789,0.002864782,0.013559969,0.003437739,0,0,Spanish,0,1
6001436402,2665,2657,2396,261,0.098231088,2637,1740,251,109,18,0,41,10,45,14,26,68,0,0,71,94,33,7,46,0,26,23,0,0,15,0,0.04133485,0,0.003792188,0.005309063,0.025786879,0,0.035646568,0.002654532,0,0.008722033,0,0,Spanish,0,0
6001436601,6685,6667,4601,2066,0.309884506,6202,2171,1678,1336,0,0,0,0,0,0,123,56,0,0,109,246,18,9,97,61,53,39,102,26,0,78,0.215414382,0,0,0,0.009029345,0,0.039664624,0.001451145,0.009835537,0.006288294,0.004192196,0.012576588,Spanish,1,1
6001436000,4745,4745,3941,804,0.169441517,4398,2506,684,313,0,0,0,0,30,0,0,13,0,0,267,340,32,37,94,28,31,23,0,0,0,0,0.071168713,0,0,0,0.002955889,0,0.077307867,0.008412915,0.00636653,0.00522965,0,0,Chinese,0,1
6001436200,4360,4208,2768,1440,0.342205323,3968,1518,1302,760,0,0,6,0,0,0,30,11,0,0,0,16,0,0,164,44,26,74,0,0,0,17,0.191532258,0,0,0,0.002772177,0,0.004032258,0,0.01108871,0.018649194,0,0.004284274,Spanish,1,1
6001436800,4335,4335,3443,892,0.205767013,3982,1764,1047,388,13,0,11,0,41,0,110,12,0,0,48,201,20,33,152,94,0,3,0,0,32,13,0.097438473,0,0,0,0.003013561,0,0.050477147,0.008287293,0.023606228,0.00075339,0,0.003264691,Spanish,0,1
6001436700,3290,3284,2497,787,0.239646772,3180,1358,653,522,0,0,0,0,14,0,0,8,0,0,31,202,12,25,143,97,64,23,0,28,0,0,0.164150943,0,0,0,0.002515723,0,0.063522013,0.007861635,0.030503145,0.007232704,0.008805031,0,Spanish,0,1
6001437000,3497,3476,2689,787,0.226409666,3277,1453,575,482,0,0,0,0,6,7,69,19,0,0,46,122,27,7,295,55,79,26,0,0,9,0,0.147085749,0,0,0.0021361,0.005797986,0,0.037229173,0.0021361,0.016783644,0.007934086,0,0,Spanish,0,1
6001437101,7343,7299,5873,1426,0.195369229,6989,2799,843,473,0,0,0,0,33,0,392,98,35,0,116,136,260,211,611,280,234,169,222,7,29,41,0.067677779,0,0,0,0.014022035,0,0.01945915,0.030190299,0.040062956,0.024180856,0.001001574,0.005866361,Spanish,0,1
6001437701,3597,3543,2228,1315,0.371154389,3329,1206,822,735,0,0,25,0,0,0,217,93,0,0,11,25,0,41,50,75,0,21,3,5,0,0,0.220787023,0,0,0,0.027936317,0,0.007509763,0.012316011,0.022529288,0.006308201,0.001501953,0,Spanish,1,1
6001437400,3428,3416,2744,672,0.196721311,3163,1151,731,636,0,0,4,0,0,0,119,116,0,0,18,45,39,76,100,71,34,7,6,0,4,6,0.201074929,0,0,0,0.036674044,0,0.014227,0.024027822,0.022447044,0.002213089,0,0.001896933,Spanish,0,1
6001437800,4730,4676,3998,678,0.144995723,4545,2054,805,381,0,0,0,0,1,0,226,135,27,0,206,157,25,34,242,141,44,15,0,0,52,0,0.083828383,0,0,0,0.02970297,0,0.034543454,0.007480748,0.031023102,0.00330033,0,0,Spanish,0,1
6001438201,4926,4919,3516,1403,0.285220573,4588,1087,1368,887,0,0,0,0,0,0,180,93,0,0,64,153,0,138,262,153,146,57,0,0,0,0,0.193330427,0,0,0,0.02027027,0,0.033347864,0.030078466,0.033347864,0.012423714,0,0,Spanish,1,1
6001438300,3887,3887,3109,778,0.200154361,3741,975,715,480,0,0,14,0,0,0,163,138,0,0,22,98,22,17,451,303,221,101,0,0,21,0,0.128307939,0,0,0,0.036888532,0,0.026196204,0.00454424,0.080994387,0.026998129,0,0,Spanish,0,1
6001440307,4488,4475,3424,1051,0.234860335,4284,1969,269,117,0,0,7,0,0,0,456,192,0,68,62,283,58,22,436,259,8,16,48,14,0,0,0.027310924,0,0,0,0.044817927,0.015873016,0.066059757,0.005135387,0.060457516,0.003734827,0.003267974,0,Chinese,0,1
6001440334,4750,4750,4245,505,0.106315789,4507,1405,482,48,0,0,0,0,0,0,176,72,8,0,89,50,26,62,1559,302,78,150,0,0,0,0,0.0106501,0,0,0,0.01597515,0,0.011093854,0.013756379,0.067006878,0.033281562,0,0,Tagalog,0,1
6001440335,6772,6757,6317,440,0.065117656,6084,1814,227,9,152,0,0,0,37,0,1009,275,12,47,421,335,9,0,523,30,734,131,319,0,0,0,0.00147929,0,0,0,0.045200526,0.007725181,0.055062459,0,0.004930966,0.021531887,0,0,Chinese,0,1
6001441302,5902,5902,5051,851,0.144188411,5424,2250,427,113,0,17,40,0,47,0,375,170,97,10,291,411,160,56,367,131,226,148,64,14,0,10,0.020833333,0.003134218,0,0,0.031342183,0.001843658,0.075774336,0.010324484,0.024151917,0.027286136,0.002581121,0.001843658,Chinese,0,1
6001441401,8702,8654,7289,1365,0.157730529,8078,2922,552,251,0,0,0,0,0,0,607,250,73,150,362,658,337,107,766,118,596,112,28,0,189,0,0.031072048,0,0,0,0.030948255,0.018568953,0.081455806,0.013245853,0.014607576,0.013864818,0,0,Chinese,0,1
6001438000,4119,4119,3069,1050,0.254916242,3769,1657,509,507,0,0,0,0,29,7,289,27,0,0,8,45,9,27,465,57,108,23,0,0,0,2,0.13451844,0,0,0.001857257,0.007163704,0,0.011939507,0.007163704,0.015123375,0.006102414,0,0.000530645,Spanish,0,1
6001440304,5163,5148,4223,925,0.17968143,4848,1745,37,60,0,0,0,0,0,0,344,131,27,0,253,335,258,413,597,219,253,134,0,0,42,0,0.012376238,0,0,0,0.027021452,0,0.06910066,0.085189769,0.045173267,0.027640264,0,0,Vietnamese,0,1
6001440306,4341,4341,3253,1088,0.250633495,4149,1070,228,68,0,0,0,0,5,0,583,202,14,0,171,187,285,204,650,283,74,125,0,0,0,0,0.016389491,0,0,0,0.04868643,0,0.045071101,0.049168474,0.068209207,0.030127742,0,0,Tagalog,0,1
6001438100,8080,8080,6720,1360,0.168316832,7462,3128,1467,677,0,0,0,0,0,0,617,441,0,0,74,152,129,97,381,49,46,192,12,0,0,0,0.090726347,0,0,0,0.059099437,0,0.020369874,0.012999196,0.006566604,0.025730367,0,0,Spanish,0,1
6001438203,4118,4118,3504,614,0.149101506,3931,1419,460,210,0,10,6,9,5,0,228,545,0,32,179,189,38,152,226,148,57,18,0,0,0,0,0.053421521,0.002543882,0.002289494,0,0.138641567,0.008140422,0.048079369,0.038667006,0.037649453,0.004578988,0,0,Other Indo-European,0,1
6001440200,6261,6255,4661,1594,0.254836131,5765,1601,2257,921,0,0,0,0,0,0,47,87,0,0,181,140,10,21,317,175,4,4,0,0,0,0,0.159757155,0,0,0,0.015091067,0,0.024284475,0.003642671,0.030355594,0.000693842,0,0,Spanish,0,1
6001440301,7579,7567,6102,1465,0.193603806,7297,2392,1116,565,0,0,0,0,0,0,864,216,10,39,233,421,44,54,589,301,321,41,60,0,31,0,0.07742908,0,0,0,0.029601206,0.005344662,0.057694943,0.007400301,0.041249829,0.005618747,0,0,Spanish,0,1
6001438204,5483,5458,4193,1265,0.231769879,5267,1876,926,365,0,0,0,0,6,12,370,263,9,29,24,94,58,89,630,316,114,26,0,0,0,60,0.069299411,0,0,0.002278337,0.049933549,0.005505981,0.017846972,0.016897665,0.059996203,0.004936396,0,0.011391684,Spanish,0,1
6001440332,3393,3393,3216,177,0.052166225,3200,1012,100,30,0,0,6,7,0,0,483,80,24,20,178,207,175,110,404,114,97,37,55,8,53,0,0.009375,0,0.0021875,0,0.025,0.00625,0.0646875,0.034375,0.035625,0.0115625,0.0025,0,Chinese,0,1
6001438400,2568,2568,2022,546,0.212616822,2429,949,401,182,5,0,2,0,0,0,114,124,5,34,30,79,65,87,269,69,14,0,0,0,0,0,0.074927954,0,0,0,0.051049815,0.01399753,0.032523672,0.035817209,0.028406752,0,0,0,Spanish,0,1
6001440305,4286,4286,3676,610,0.142323845,4070,1809,248,81,9,0,6,0,0,0,413,153,71,39,192,167,89,135,321,48,194,58,18,7,12,0,0.01990172,0,0,0,0.037592138,0.00958231,0.041031941,0.033169533,0.011793612,0.014250614,0.001719902,0,Chinese,0,0
6001441301,3323,3323,2945,378,0.113752633,3131,1175,113,12,0,0,0,0,0,0,507,99,101,24,265,151,11,0,140,22,363,111,0,0,27,10,0.003832641,0,0,0,0.031619291,0.007665283,0.048227403,0,0.007026509,0.035451932,0,0.003193868,Chinese,0,0
6001441200,7473,7473,6994,479,0.064097417,6968,4499,294,137,0,0,23,0,24,40,760,129,0,12,90,236,0,70,332,20,227,54,12,0,9,0,0.019661309,0,0,0.005740528,0.018513203,0.001722158,0.033869116,0.010045924,0.002870264,0.007749713,0,0,Chinese,0,0
6001440308,5856,5846,5179,667,0.114095108,5574,1798,960,266,21,0,0,0,21,0,925,235,0,0,196,273,7,26,319,159,295,56,0,0,17,0,0.047721564,0,0,0,0.042160029,0,0.048977395,0.004664514,0.028525296,0.010046645,0,0,Chinese,0,0
6001440331,3275,3271,2655,616,0.188321614,3081,1122,260,124,18,9,8,0,6,12,283,129,8,4,141,138,20,23,442,114,136,84,0,0,0,0,0.040246673,0.00292113,0,0.003894839,0.041869523,0.00129828,0.044790652,0.007465109,0.037000974,0.027263875,0,0,Chinese,0,0
6001440333,3186,3186,2892,294,0.092278719,3075,948,114,17,0,0,0,0,31,5,356,123,101,57,185,140,51,16,658,82,78,113,0,0,0,0,0.005528455,0,0,0.001626016,0.04,0.018536585,0.045528455,0.005203252,0.026666667,0.036747967,0,0,Chinese,0,0
6001440336,4529,4504,3985,519,0.115230906,4309,1839,405,188,0,0,33,0,0,0,544,157,75,32,212,272,53,17,335,70,54,0,0,0,11,12,0.043629612,0,0,0,0.036435368,0.007426317,0.063123695,0.003945231,0.016245068,0,0,0.002784869,Chinese,0,1
6001441402,5436,5436,5251,185,0.034032377,5018,2128,106,203,18,0,0,43,0,0,652,106,53,19,393,423,81,35,281,75,336,66,0,0,0,0,0.040454364,0,0.008569151,0,0.021123954,0.003786369,0.084296532,0.00697489,0.014946194,0.01315265,0,0,Chinese,0,1
6001441501,6570,6546,5947,599,0.091506263,6258,2406,139,64,0,0,9,0,9,9,677,347,8,0,457,279,261,114,794,274,303,66,42,0,0,0,0.01022691,0,0,0.001438159,0.055449025,0,0.044582934,0.018216683,0.043783957,0.0105465,0,0,Other Indo-European,0,1
6001441522,5373,5373,4304,1069,0.198957752,5075,1647,414,308,17,0,4,0,0,0,460,57,92,101,582,374,146,47,243,68,355,60,100,0,0,0,0.060689655,0,0,0,0.011231527,0.019901478,0.073694581,0.009261084,0.013399015,0.01182266,0,0,Chinese,0,1
6001441524,4428,4428,4160,268,0.060523939,4079,1159,73,0,0,0,11,10,9,18,1032,173,10,0,387,376,18,42,187,48,393,62,32,0,39,0,0,0,0.002451581,0.004412846,0.042412356,0,0.092179456,0.010296641,0.01176759,0.015199804,0,0,Chinese,0,1
6001441700,8120,8120,6609,1511,0.186083744,7509,2344,761,403,13,0,0,0,99,0,948,277,164,10,585,746,17,0,205,0,677,143,64,36,17,0,0.053668931,0,0,0,0.036889066,0.001331735,0.09934745,0,0,0.019043814,0.004794247,0,Chinese,0,1
6001441503,6834,6834,6387,447,0.065408253,6247,1634,104,0,0,0,69,0,11,21,1088,162,22,7,766,686,76,8,336,24,961,178,94,0,0,0,0,0,0,0.003361614,0.025932448,0.001120538,0.10981271,0.001280615,0.003841844,0.028493677,0,0,Chinese,0,1
6001441523,4267,4267,3993,274,0.064213733,3926,1040,173,62,0,0,7,0,43,30,795,138,46,115,182,261,0,0,161,48,701,124,0,0,0,0,0.015792155,0,0,0.007641365,0.03515028,0.0292919,0.066479878,0,0.012226184,0.03158431,0,0,Chinese,0,1
6001441601,5093,5087,4409,678,0.133280912,4728,2296,362,115,0,0,0,15,18,15,254,139,0,0,386,470,43,32,109,10,352,24,2,1,85,0,0.024323181,0,0.003172589,0.003172589,0.029399323,0,0.099407783,0.00676819,0.002115059,0.005076142,0.000211506,0,Chinese,0,1
6001441521,6170,6164,5629,535,0.086794289,5789,1783,124,91,9,0,19,32,12,7,1231,156,0,60,351,467,58,189,611,152,319,8,102,8,0,0,0.015719468,0,0.005527725,0.00120919,0.026947659,0.010364484,0.080670237,0.032648126,0.026256694,0.001381931,0.001381931,0,Chinese,0,1
6001441602,8069,8066,6824,1242,0.153979668,7460,2930,299,345,15,0,0,0,91,22,614,167,61,63,446,563,122,138,536,247,676,98,0,0,27,0,0.046246649,0,0,0.002949062,0.022386059,0.00844504,0.075469169,0.01849866,0.03310992,0.013136729,0,0,Chinese,0,1
6001441923,6465,6124,4845,1279,0.208850425,5951,2049,107,61,0,0,0,0,0,0,1009,369,40,55,115,102,33,26,130,52,1396,231,176,0,0,0,0.010250378,0,0,0,0.062006385,0.009242144,0.017139976,0.004369014,0.008738027,0.038817006,0,0,Other Indo-European,0,1
6001441925,7165,7165,6394,771,0.10760642,6551,1943,291,15,0,0,0,0,103,83,1506,210,29,0,86,325,36,0,106,0,1454,321,0,0,33,10,0.002289727,0,0,0.012669821,0.032056175,0,0.049610746,0,0,0.049000153,0,0.001526485,Chinese,0,0
6001441926,4570,4562,3675,887,0.194432267,4150,1293,589,384,0,0,0,0,15,0,480,107,28,34,99,131,58,54,122,17,547,173,15,0,4,0,0.09253012,0,0,0,0.025783133,0.008192771,0.031566265,0.013012048,0.004096386,0.041686747,0,0,Spanish,0,1
6001441927,4512,4512,3982,530,0.117464539,3900,1285,133,137,0,0,8,0,19,70,803,169,22,0,235,75,58,123,33,31,528,162,0,0,9,0,0.035128205,0,0,0.017948718,0.043333333,0,0.019230769,0.031538462,0.007948718,0.041538462,0,0,Other Indo-European,0,0
6001442100,5303,5303,5061,242,0.045634546,5161,1456,31,8,0,0,0,0,0,0,1163,174,20,39,845,818,18,0,45,21,477,46,0,0,0,0,0.001550087,0,0,0,0.033714396,0.007556675,0.158496415,0,0.004068979,0.008913001,0,0,Chinese,0,1
6001442400,6647,6647,5650,997,0.149992478,6393,2660,686,313,0,13,0,0,18,0,454,67,101,91,402,351,72,121,433,29,295,277,0,10,0,0,0.0489598,0.002033474,0,0,0.010480213,0.014234319,0.054903801,0.018926951,0.004536211,0.043328641,0.001564211,0,Chinese,0,1
6001442500,7748,7487,6549,938,0.125283825,7142,2744,657,514,0,0,12,0,0,26,932,283,0,0,255,593,22,57,497,181,293,49,0,0,27,0,0.071968636,0,0,0.003640437,0.039624755,0,0.083029964,0.007980958,0.025343041,0.006860823,0,0,Chinese,0,1
6001442602,4883,4883,4021,862,0.176530821,4555,2107,565,371,0,0,6,17,0,10,292,30,0,0,335,201,61,0,226,33,91,60,135,7,0,8,0.081448957,0,0.003732162,0.00219539,0.006586169,0,0.044127333,0,0.007244786,0.013172338,0.001536773,0.001756312,Spanish,0,1
6001442700,3118,3118,2917,201,0.0644644,2879,1692,235,18,0,0,9,0,8,0,153,56,0,0,156,68,28,0,203,0,217,36,0,0,0,0,0.006252171,0,0,0,0.019451198,0,0.023619312,0,0,0.012504342,0,0,Chinese,0,0
6001442800,2836,2836,2583,253,0.089210155,2713,1371,247,33,14,3,6,0,5,17,140,66,61,18,109,229,7,21,32,52,146,123,0,6,7,0,0.012163656,0.001105787,0,0.006266126,0.024327313,0.006634722,0.084408404,0.007740509,0.019166974,0.045337265,0.002211574,0,Chinese,0,1
6001443002,6745,6745,5497,1248,0.185025945,6442,2259,652,257,0,0,21,8,8,9,618,334,19,45,678,786,174,103,256,24,140,51,0,0,0,0,0.039894443,0,0.00124185,0.001397082,0.051847252,0.006985408,0.122011798,0.015988823,0.003725551,0.007916796,0,0,Chinese,0,1
6001443102,4881,4881,4687,194,0.039745954,4634,1660,37,8,9,0,0,0,49,16,711,186,67,27,772,655,137,26,35,22,148,67,0,0,0,2,0.00172637,0,0,0.003452741,0.04013811,0.0058265,0.141346569,0.005610703,0.004747518,0.014458351,0,0.000431593,Chinese,0,1
6001443103,3937,3908,3558,350,0.089559877,3746,1203,19,0,0,0,45,0,0,0,605,50,35,0,518,680,21,18,55,11,470,16,0,0,0,0,0,0,0,0,0.013347571,0,0.181526962,0.004805125,0.002936466,0.004271223,0,0,Chinese,0,1
6001441800,7359,7359,6180,1179,0.160211985,6781,3452,328,323,0,19,17,0,61,59,1303,57,11,43,194,186,0,16,148,19,472,73,0,0,0,0,0.047633092,0.002801947,0,0.008700782,0.00840584,0.006341248,0.027429583,0.002359534,0.002801947,0.010765374,0,0,Spanish,0,0
6001441921,4084,4084,3795,289,0.070763957,3829,1276,790,247,0,0,0,0,29,0,550,100,37,68,172,154,38,26,76,11,157,65,0,0,33,0,0.064507704,0,0,0,0.026116479,0.017759206,0.040219378,0.006790285,0.002872813,0.016975712,0,0,Spanish,0,1
6001441924,7625,7625,7109,516,0.067672131,7117,3322,412,64,0,0,0,0,0,0,973,84,0,0,454,379,62,86,129,20,909,145,39,0,34,5,0.008992553,0,0,0,0.011802726,0,0.053252775,0.012083743,0.002810173,0.020373753,0,0.000702543,Chinese,0,1
6001442200,7196,7176,6711,465,0.064799331,7076,2443,153,11,0,0,10,0,0,19,562,68,55,54,1401,1262,76,27,6,6,715,73,0,0,135,0,0.001554551,0,0,0.002685133,0.009609949,0.00763143,0.17834935,0.003815715,0.000847937,0.010316563,0,0,Chinese,0,1
6001442301,5148,5148,4408,740,0.143745144,4848,1384,562,188,21,0,0,0,29,10,687,169,14,27,489,475,0,59,231,51,175,148,64,32,33,0,0.038778878,0,0,0.002062706,0.034859736,0.005569307,0.097978548,0.012169967,0.010519802,0.030528053,0.00660066,0,Chinese,0,1
6001442302,6012,6012,4841,1171,0.194777112,5540,2117,271,220,37,0,1,0,0,32,624,428,18,42,328,541,62,41,102,78,319,188,21,11,21,38,0.039711191,0,0,0.005776173,0.077256318,0.007581227,0.09765343,0.007400722,0.014079422,0.033935018,0.00198556,0.006859206,Chinese,0,1
6001442601,4175,4168,3856,312,0.074856046,4012,2216,347,11,10,0,0,0,0,0,354,126,11,29,161,90,92,45,231,50,201,38,0,0,0,0,0.002741775,0,0,0,0.031405783,0.007228315,0.022432702,0.011216351,0.012462612,0.009471585,0,0,Other Indo-European,0,0
6001443001,3046,3041,2552,489,0.160802368,2896,1269,474,129,6,0,0,0,0,0,169,44,37,18,191,268,16,28,42,25,72,98,0,0,10,0,0.044544199,0,0,0,0.01519337,0.00621547,0.092541436,0.009668508,0.008632597,0.033839779,0,0,Chinese,0,1
6001442900,7814,7809,6753,1056,0.135228582,7391,3031,549,155,0,24,44,24,23,0,1029,376,51,0,221,247,86,0,75,248,881,308,0,0,0,19,0.020971452,0.003247193,0.003247193,0,0.050872683,0,0.033419023,0,0.033554323,0.041672304,0,0.002570694,Other Indo-European,0,1
6001443104,5620,5620,5131,489,0.087010676,5413,1769,85,0,30,0,4,0,87,0,747,110,36,31,955,814,15,0,0,0,652,52,26,0,0,0,0,0,0,0,0.020321448,0.005726954,0.150378718,0,0,0.009606503,0,0,Chinese,0,1
6001443105,4588,4588,4312,276,0.060156931,4476,1482,84,0,0,0,0,0,9,7,829,118,8,0,739,493,171,87,103,0,313,8,12,0,0,13,0,0,0,0.001563896,0.026362824,0,0.110142985,0.019436997,0,0.00178731,0,0.002904379,Chinese,0,1
6001443200,3886,3886,3662,224,0.05764282,3796,1170,9,9,0,0,0,0,0,0,983,71,9,8,935,290,120,47,23,0,122,0,0,0,0,0,0.002370917,0,0,0,0.018703899,0.002107482,0.076396207,0.012381454,0,0,0,0,Chinese,0,1
6001443301,4343,4343,4222,121,0.027860926,4133,1896,38,0,7,0,6,0,20,0,644,110,0,6,324,501,73,51,180,25,207,22,0,0,23,0,0,0,0,0,0.02661505,0.00145173,0.121219453,0.012339705,0.006048875,0.00532301,0,0,Chinese,0,1
6001443321,3315,3315,3051,264,0.079638009,3007,751,54,41,0,0,0,0,0,0,656,119,20,57,258,292,49,47,44,0,459,140,0,0,20,0,0.013634852,0,0,0,0.039574327,0.01895577,0.097106751,0.015630196,0,0.046558031,0,0,Chinese,0,1
6001443322,3313,3313,3124,189,0.057047993,3096,1155,32,14,10,0,0,0,4,0,369,45,17,12,472,547,26,75,0,0,261,57,0,0,0,0,0.004521964,0,0,0,0.014534884,0.003875969,0.176679587,0.024224806,0,0.018410853,0,0,Chinese,0,1
6001444100,7696,7696,6803,893,0.116034304,7419,4518,926,296,39,0,0,0,38,15,253,106,0,0,267,365,89,121,24,61,191,110,0,0,0,0,0.03989756,0,0,0.002021836,0.01428764,0,0.049198005,0.016309476,0.008222132,0.014826796,0,0,Chinese,0,0
6001444200,7028,7023,6126,897,0.127723195,6617,2730,1368,418,11,0,0,0,0,0,174,183,109,35,182,457,281,125,353,133,46,12,0,0,0,0,0.063170621,0,0,0,0.027656037,0.005289406,0.069064531,0.018890736,0.020099743,0.001813511,0,0,Chinese,0,1
6001444301,3789,3789,3248,541,0.142781737,3577,2088,490,151,0,0,8,0,0,0,283,67,0,0,63,40,39,44,171,31,60,27,15,0,0,0,0.042214146,0,0,0,0.01873078,0,0.011182555,0.012300811,0.00866648,0.007548225,0,0,Spanish,0,0
6001444302,4692,4692,3512,1180,0.251491901,4452,1488,1186,607,0,35,10,0,0,7,471,134,0,0,11,58,20,10,159,155,72,29,0,0,0,0,0.136343217,0.007861635,0,0.001572327,0.030098832,0,0.013027853,0.002246181,0.034815813,0.006513926,0,0,Spanish,0,1
6001444400,5242,5242,4334,908,0.17321633,4922,1993,1349,491,0,0,0,0,0,6,89,145,26,12,75,96,77,57,235,59,91,121,0,0,0,0,0.099756197,0,0,0.001219017,0.029459569,0.002438033,0.019504267,0.011580658,0.011986997,0.024583503,0,0,Spanish,0,1
6001444500,7352,7325,5919,1406,0.191945392,6957,2418,1681,616,25,20,8,0,122,0,420,277,0,0,44,209,119,232,447,131,129,36,15,8,0,0,0.088543913,0.002874802,0,0,0.039816013,0,0.030041685,0.033347707,0.018829955,0.005174644,0.001149921,0,Spanish,0,1
6001444601,5741,5716,5251,465,0.081350595,5446,2498,651,259,0,0,37,0,0,8,495,124,0,0,300,123,173,40,49,18,380,169,0,0,74,48,0.047557841,0,0,0.001468968,0.022769005,0,0.022585384,0.00734484,0.003305178,0.03103195,0,0.008813808,Spanish,0,0
6001983200,622,622,532,90,0.144694534,609,480,15,0,1,0,4,0,0,4,37,0,0,0,32,16,3,0,13,0,4,0,0,0,0,0,0,0,0,0.006568144,0,0,0.026272578,0,0,0,0,0,Chinese,0,0
6001444602,4736,4736,4431,305,0.064400338,4423,1676,100,42,0,0,0,0,0,40,679,246,51,43,294,203,145,47,576,0,182,0,37,17,32,13,0.009495817,0,0,0.009043636,0.055618359,0.009721908,0.04589645,0.010626272,0,0,0.003843545,0.002939182,Other Indo-European,0,1
6001981900,60,60,60,0,0,60,56,0,0,0,0,0,0,0,0,4,0,0,0,0,0,0,0,0,0,0,0,0,0,0,0,0,0,0,0,0,0,0,0,0,0,0,0,Spanish,0,0
6001982000,63,63,51,12,0.19047619,63,48,3,4,0,0,0,0,0,0,0,0,0,0,0,0,0,8,0,0,0,0,0,0,0,0,0.063492063,0,0,0,0,0,0,0.126984127,0,0,0,0,Vietnamese,0,1
6075017902,3064,2977,1048,1929,0.647967753,2993,1824,232,267,15,0,0,0,47,43,84,0,86,79,31,49,0,0,18,15,16,41,22,18,77,29,0.089208152,0,0,0.014366856,0,0.026394921,0.016371534,0,0.005011694,0.01369863,0.006014033,0.009689275,Spanish,1,1
6085501200,4212,4098,2615,1483,0.361883846,3974,1841,1132,642,0,0,0,0,18,0,90,0,0,0,20,0,51,108,45,8,9,0,0,0,10,0,0.161550075,0,0,0,0,0,0,0.027176648,0.002013085,0,0,0,Spanish,1,1
6085501900,5210,5196,4118,1078,0.207467283,4936,2824,763,291,71,0,19,0,24,0,72,32,0,55,142,161,0,0,84,18,168,74,0,18,76,44,0.058954619,0,0,0,0.006482982,0.011142626,0.032617504,0,0.003646677,0.014991896,0.003646677,0.0089141,Spanish,0,1
6085502201,7425,7425,4567,2858,0.384915825,6802,3655,844,538,91,34,82,0,17,78,309,133,53,0,122,215,55,72,12,0,410,24,0,0,21,37,0.079094384,0.00499853,0,0.011467216,0.019553073,0,0.03160835,0.010585122,0,0.003528374,0,0.005439577,Spanish,1,1
6085502902,8016,8009,7192,817,0.102010238,7359,5762,246,98,36,0,73,0,23,43,259,46,26,0,223,102,18,81,0,0,170,153,0,0,0,0,0.013317027,0,0,0.005843185,0.006250849,0,0.013860579,0.01100693,0,0.020790868,0,0,Other Asian Pacific Island,0,0
6085500100,8122,8122,6212,1910,0.235163753,7551,2416,1563,1996,17,0,0,0,0,0,224,0,35,76,197,70,187,209,180,116,189,51,0,0,25,0,0.26433585,0,0,0,0,0.010064892,0.009270295,0.027678453,0.015362204,0.006754072,0,0,Spanish,0,1
6085500300,3987,3961,2926,1035,0.261297652,3847,2526,524,232,16,0,30,0,0,0,147,26,10,0,51,27,0,0,88,33,65,34,18,0,20,0,0.060306733,0,0,0,0.006758513,0,0.007018456,0,0.008578113,0.008838056,0,0,Spanish,0,1
6085500500,5475,5196,4227,969,0.186489607,5151,3440,544,220,66,7,25,9,9,6,142,22,40,56,92,110,0,183,6,162,12,0,0,0,0,0,0.042710153,0.001358959,0.001747234,0.001164822,0.004271015,0.010871675,0.021355077,0.035527082,0.031450204,0,0,0,Spanish,0,0
6085500901,4239,4239,2507,1732,0.408586931,4164,1868,493,13,23,0,23,0,10,0,649,123,6,0,137,97,88,176,50,5,221,18,0,0,101,63,0.003121998,0,0,0,0.029538905,0,0.023294909,0.042267051,0.001200768,0.004322767,0,0.015129683,Vietnamese,1,0
6085500200,5968,4984,4132,852,0.17094703,5608,3311,711,621,25,0,37,0,17,0,365,26,0,0,37,14,104,49,26,0,169,69,15,0,0,12,0.110734665,0,0,0,0.004636234,0,0.002496434,0.008737518,0,0.012303852,0,0.0021398,Spanish,0,1
6085502002,5933,5920,3554,2366,0.399662162,5645,2091,1638,1359,23,0,0,0,33,12,113,34,0,0,33,22,26,10,30,62,32,42,0,0,18,67,0.240744021,0,0,0.002125775,0.006023029,0,0.003897254,0.001771479,0.010983171,0.007440213,0,0.011868911,Spanish,1,1
6085500400,2596,2596,2088,508,0.19568567,2437,1352,407,330,6,0,30,0,56,11,25,18,0,0,26,7,15,5,55,6,46,13,5,0,24,0,0.135412392,0,0,0.004513746,0.00738613,0,0.002872384,0.002051703,0.002462043,0.005334428,0,0,Spanish,0,1
6085501501,4845,4827,2486,2341,0.484980319,4475,604,1330,1386,0,0,0,0,0,0,121,0,0,0,36,55,248,364,85,84,8,15,0,0,80,59,0.30972067,0,0,0,0,0,0.012290503,0.081340782,0.01877095,0.003351955,0,0.013184358,Spanish,1,1
6085502500,6826,6826,6134,692,0.101377088,6096,4981,418,85,84,0,11,0,16,0,184,68,0,23,59,52,6,12,13,24,42,0,0,0,18,0,0.01394357,0,0,0,0.011154856,0.003772966,0.008530184,0.001968504,0.003937008,0,0,0,Spanish,0,0
6085500600,5439,5431,4391,1040,0.191493279,5205,3533,303,191,117,0,17,0,6,0,377,47,75,19,16,25,0,106,9,0,265,75,0,0,14,10,0.036695485,0,0,0,0.009029779,0.003650336,0.004803074,0.020365034,0,0.014409222,0,0.00192123,Spanish,0,0
6085500800,4176,4131,2925,1206,0.291938998,4013,2395,474,437,13,14,42,0,9,0,131,45,65,12,132,70,9,25,39,0,58,0,9,0,34,0,0.108896088,0.003488662,0,0,0.011213556,0.002990282,0.017443309,0.006229753,0,0,0,0,Spanish,1,1
6085501102,4743,4743,3416,1327,0.279780729,4334,2093,1052,584,0,0,16,0,24,21,17,19,0,0,104,41,0,161,70,35,68,29,0,0,0,0,0.1347485,0,0,0.004845408,0.004383941,0,0.009460083,0.037148131,0.008075681,0.006691278,0,0,Spanish,0,1
6085500902,5794,1743,676,1067,0.612162937,5771,2841,878,312,39,8,32,0,37,0,218,40,15,8,408,255,101,211,165,8,80,58,34,0,23,0,0.054063421,0.001386242,0,0,0.006931208,0.001386242,0.044186449,0.036562121,0.001386242,0.010050251,0,0,Spanish,1,1
6085501000,4721,4705,2368,2337,0.496705632,4446,2135,618,582,17,0,15,34,44,0,76,0,0,0,32,337,26,320,56,0,135,19,0,0,0,0,0.130904184,0,0.007647323,0,0,0,0.075798471,0.071974809,0,0.004273504,0,0,Spanish,1,1
6085501800,5285,5285,4285,1000,0.189214759,4988,2818,1242,561,17,0,10,0,41,17,28,25,0,0,34,32,13,33,28,0,40,0,0,0,26,23,0.112469928,0,0,0.00340818,0.005012029,0,0.006415397,0.006615878,0,0,0,0.004611067,Spanish,0,1
6085502400,6962,6949,6054,895,0.12879551,6466,4840,584,183,103,18,16,0,0,18,43,16,0,0,55,92,60,220,53,20,96,18,0,0,31,0,0.028301887,0.002783792,0,0.002783792,0.002474482,0,0.014228271,0.034024126,0.003093102,0.002783792,0,0,Vietnamese,0,0
6085501101,4495,4460,3029,1431,0.320852018,4274,2148,608,467,51,0,0,9,6,16,49,47,7,13,73,180,62,106,24,162,96,82,26,9,28,5,0.109265325,0,0.002105756,0.003743566,0.010996724,0.003041647,0.042115115,0.024801123,0.037903603,0.019185774,0.002105756,0.001169864,Spanish,1,1
6085501402,3329,3313,2101,1212,0.365831573,3039,721,818,1071,0,0,6,0,0,0,90,80,0,0,0,0,4,156,5,7,50,11,0,0,0,20,0.352418559,0,0,0,0.026324449,0,0,0.051332675,0.002303389,0.003619612,0,0.006581112,Spanish,1,1
6085501300,4063,3501,1997,1504,0.429591545,3968,2823,412,101,43,19,59,0,18,0,71,0,0,9,101,16,63,116,29,22,22,16,2,1,25,0,0.025453629,0.004788306,0,0,0,0.002268145,0.004032258,0.029233871,0.005544355,0.004032258,0.000252016,0,Vietnamese,1,0
6085501401,3182,3143,1834,1309,0.416481069,2894,719,969,823,0,0,0,0,0,0,34,23,0,31,33,59,26,148,0,8,20,1,0,0,0,0,0.284381479,0,0,0,0.007947478,0.010711818,0.020387008,0.05114029,0.00276434,0.000345543,0,0,Spanish,1,1
6085501502,4855,4855,2233,2622,0.540061792,4425,1213,1077,1274,0,0,7,0,0,20,67,39,56,17,49,89,56,125,176,83,18,16,9,34,0,0,0.287909605,0,0,0.004519774,0.008813559,0.003841808,0.020112994,0.028248588,0.018757062,0.003615819,0.007683616,0,Spanish,1,1
6085501600,7597,7536,3821,3715,0.492967091,7289,3073,1769,1100,49,0,45,0,56,0,136,0,0,15,101,192,140,120,0,0,458,18,0,0,17,0,0.150912334,0,0,0,0,0.002057895,0.026341062,0.016463164,0,0.002469475,0,0,Spanish,1,1
6085501700,4962,4944,2314,2630,0.531957929,4560,1123,1718,1488,0,0,0,0,0,0,9,8,0,0,26,0,31,24,11,0,0,0,0,0,0,122,0.326315789,0,0,0,0.001754386,0,0,0.005263158,0,0,0,0.026754386,Spanish,1,1
6085502001,5565,5553,3949,1604,0.288852872,5042,2483,1035,610,15,0,29,9,24,13,59,26,0,0,117,154,52,114,94,39,0,27,0,0,72,70,0.120983737,0,0.001785006,0.002578342,0.005156684,0,0.030543435,0.022610075,0.007735026,0.005355018,0,0.01388338,Spanish,1,1
6085502102,7820,7674,5284,2390,0.31144123,7222,3294,1856,1234,0,0,15,0,0,20,45,0,0,14,50,61,0,138,187,39,102,88,0,0,27,52,0.170866796,0,0,0.002769316,0,0.001938521,0.008446414,0.01910828,0.005400166,0.01218499,0,0.007200222,Spanish,1,1
6085502202,2866,2722,2253,469,0.17229978,2692,2037,83,109,6,0,39,0,5,14,148,37,10,19,23,17,43,29,10,5,20,16,11,0,0,11,0.040490342,0,0,0.005200594,0.013744428,0.007057949,0.006315007,0.01077266,0.001857355,0.005943536,0,0.004086181,Spanish,0,0
6085502601,2691,2678,2449,229,0.085511576,2607,2125,86,7,13,0,0,0,8,0,198,26,0,0,10,4,0,0,72,0,29,0,0,0,16,13,0.002685079,0,0,0,0.009973149,0,0.001534331,0,0,0,0,0.004986575,Other Indo-European,0,0
6085502101,5181,5011,4186,825,0.164637797,4767,3406,414,104,25,4,15,11,63,7,75,50,31,6,68,91,33,62,73,21,110,34,0,0,57,7,0.021816656,0.000839102,0.002307531,0.001468429,0.010488777,0.001258653,0.019089574,0.013006083,0.004405286,0.007132368,0,0.001468429,Spanish,0,0
6085502302,2890,2890,2474,416,0.143944637,2727,1768,436,161,38,0,53,0,35,6,46,31,0,0,52,23,0,0,0,0,26,15,32,0,5,0,0.059039237,0,0,0.00220022,0.011367803,0,0.008434177,0,0,0.00550055,0,0,Spanish,0,1
6085502301,3590,3579,3067,512,0.14305672,3374,2614,197,119,14,0,23,0,10,0,159,43,0,0,66,0,14,14,12,2,16,28,0,0,34,9,0.03526971,0,0,0,0.012744517,0,0,0.004149378,0.000592768,0.008298755,0,0.002667457,Spanish,0,0
6085502603,2785,2748,2475,273,0.099344978,2573,1882,168,98,0,0,24,0,0,0,27,0,8,0,113,77,13,0,6,3,36,0,67,42,9,0,0.038087835,0,0,0,0,0,0.029926156,0,0.001165954,0,0.016323358,0,Spanish,0,0
6085502901,6081,6059,5214,845,0.139461957,5835,3868,484,330,1,0,39,0,3,111,87,83,63,12,98,190,0,0,38,48,98,10,102,0,72,98,0.05655527,0,0,0.019023136,0.014224507,0.002056555,0.032562125,0,0.008226221,0.001713796,0,0.016795201,Spanish,0,1
6085502604,4094,4084,3594,490,0.119980411,3971,3083,160,93,22,8,46,0,95,124,42,0,15,0,29,55,0,79,14,0,53,0,0,0,53,0,0.023419794,0.002014606,0,0.031226391,0,0,0.013850416,0.019894233,0,0,0,0,Russian Polish of Slavic,0,0
6085502701,5076,5072,4363,709,0.139787066,4736,3138,562,78,71,6,31,0,17,9,117,74,55,18,158,44,55,30,49,72,25,9,0,0,94,24,0.016469595,0.001266892,0,0.001900338,0.015625,0.003800676,0.009290541,0.006334459,0.015202703,0.001900338,0,0.005067568,Spanish,0,0
6085503001,4181,4089,3745,344,0.084128149,3868,3228,116,23,20,7,9,0,52,9,129,45,15,32,53,62,0,14,34,0,0,3,0,4,13,0,0.005946225,0.001809721,0,0.002326784,0.011633919,0.008273009,0.016028956,0.003619442,0,0.000775595,0.001034126,0,Chinese,0,0
6085503112,4092,4075,2402,1673,0.410552147,3848,1407,1005,628,13,0,10,0,6,0,93,13,0,0,34,155,102,319,0,13,23,27,0,0,0,0,0.163201663,0,0,0,0.003378378,0,0.040280665,0.082900208,0.003378378,0.007016632,0,0,Spanish,1,1
6085502903,5326,5319,4885,434,0.081594285,5064,3718,360,209,54,19,115,15,0,0,111,0,0,0,107,81,98,34,0,7,120,16,0,0,0,0,0.041271722,0.003751975,0.002962085,0,0,0,0.015995261,0.00671406,0.001382306,0.003159558,0,0,Spanish,0,0
6085503113,5326,5271,2466,2805,0.532157086,4901,932,1976,1434,55,0,0,0,0,0,16,7,0,0,113,51,52,46,7,0,29,47,0,0,65,71,0.292593348,0,0,0,0.00142828,0,0.01040604,0.00938584,0,0.00958988,0,0.014486839,Spanish,1,1
6085503105,2529,2502,1515,987,0.394484412,2402,515,172,326,5,0,0,0,10,4,47,10,0,4,47,57,161,727,45,133,41,98,0,0,0,0,0.135720233,0,0,0.001665279,0.004163197,0.001665279,0.023730225,0.302664446,0.055370525,0.040799334,0,0,Vietnamese,1,1
6085503601,3148,3096,1638,1458,0.470930233,2920,719,729,521,0,0,0,0,0,0,228,437,0,0,26,8,29,81,44,0,24,40,0,17,17,0,0.178424658,0,0,0,0.149657534,0,0.002739726,0.027739726,0,0.01369863,0.005821918,0,Spanish,1,1
6085503602,5368,5354,2857,2497,0.466380276,5068,1017,1534,1134,0,0,0,0,0,0,72,26,20,23,136,128,156,357,146,111,80,96,0,0,32,0,0.223756906,0,0,0,0.005130229,0.004538279,0.025256511,0.070441989,0.021902131,0.018942384,0,0,Spanish,1,1
6085503707,6217,6141,4800,1341,0.218368344,5618,1029,1236,1305,0,0,13,0,0,20,17,50,0,18,63,211,186,609,229,345,71,120,0,0,36,60,0.232289071,0,0,0.003559986,0.008899964,0.003203987,0.03755785,0.108401566,0.061409754,0.021359915,0,0.010679957,Spanish,0,1
6085503709,6205,6132,2045,4087,0.666503588,5907,1036,911,799,0,0,0,0,0,0,99,150,0,13,147,381,295,1466,168,98,66,262,0,0,0,16,0.135263247,0,0,0,0.025393601,0.002200779,0.064499746,0.248180125,0.016590486,0.044354156,0,0.002708651,Vietnamese,1,1
6085503710,4061,4061,2060,2001,0.492735779,3683,741,1148,903,0,0,0,0,0,0,0,18,0,0,5,137,181,325,57,149,19,0,0,0,0,0,0.245180559,0,0,0,0.00488732,0,0.037197936,0.08824328,0.04045615,0,0,0,Spanish,1,1
6085503711,5327,5320,3321,1999,0.37575188,4901,817,1985,1318,0,0,0,0,0,0,30,24,0,0,13,99,76,186,81,170,60,42,0,0,0,0,0.268924709,0,0,0,0.00489696,0,0.020199959,0.037951438,0.034686799,0.00856968,0,0,Spanish,1,1
6085503713,3457,3457,1764,1693,0.489730981,3214,721,760,943,0,0,0,0,0,0,79,24,0,62,25,234,20,241,33,12,60,0,0,0,0,0,0.293403858,0,0,0,0.00746733,0.019290604,0.072806472,0.074984443,0.003733665,0,0,0,Spanish,1,1
6085503804,5585,5575,4319,1256,0.22529148,5252,1520,783,512,0,0,0,0,0,0,170,88,0,44,230,367,148,482,382,211,164,96,44,11,0,0,0.097486672,0,0,0,0.016755522,0.008377761,0.069878142,0.091774562,0.040175171,0.018278751,0.00209444,0,Spanish,0,1
6085504314,5198,5198,4061,1137,0.218737976,4811,1550,239,210,19,0,0,0,31,10,91,64,0,0,867,729,321,340,147,142,0,18,0,6,14,13,0.043649969,0,0,0.00207857,0.013302848,0,0.151527749,0.070671378,0.029515693,0.003741426,0.001247142,0.002702141,Chinese,0,1
6085504315,6661,6641,5618,1023,0.154043066,6363,1775,384,183,0,31,10,10,0,0,270,143,9,84,674,825,630,964,206,124,30,11,0,0,0,0,0.028760019,0.004871916,0.001571586,0,0.022473676,0.01320132,0.129655823,0.151500864,0.019487663,0.001728744,0,0,Vietnamese,0,1
6085504317,4834,4834,4435,399,0.082540339,4612,1842,152,33,0,0,0,0,0,0,73,30,0,0,433,525,218,439,306,506,28,27,0,0,0,0,0.007155247,0,0,0,0.00650477,0,0.113833478,0.09518647,0.10971379,0.005854293,0,0,Chinese,0,1
6085504319,7834,7834,6289,1545,0.197217258,7420,2272,800,170,22,0,0,0,0,0,508,208,0,0,520,659,793,516,528,215,174,35,0,0,0,0,0.022911051,0,0,0,0.028032345,0,0.088814016,0.069541779,0.028975741,0.004716981,0,0,Chinese,0,1
6085504321,5486,5486,4595,891,0.162413416,5091,1325,345,228,10,0,0,0,49,0,390,38,13,41,322,413,345,668,280,150,267,195,0,0,0,12,0.044784915,0,0,0,0.007464152,0.008053428,0.081123551,0.131211943,0.02946376,0.038302887,0,0.002357101,Vietnamese,0,1
6085503708,2853,2853,2035,818,0.286715738,2748,743,195,148,0,0,0,0,0,0,6,8,0,6,125,152,194,590,291,196,9,78,0,0,7,0,0.053857351,0,0,0,0.002911208,0.002183406,0.055312955,0.214701601,0.0713246,0.028384279,0,0,Vietnamese,1,1
6085503712,4444,4173,2273,1900,0.455307932,4088,758,545,965,0,0,0,0,0,13,40,61,0,27,77,334,84,439,293,318,18,107,0,9,0,0,0.236056751,0,0,0.003180039,0.014921722,0.006604697,0.081702544,0.107387476,0.07778865,0.026174168,0.002201566,0,Spanish,1,1
6085503803,4790,4790,3536,1254,0.261795407,4495,1209,526,378,0,0,0,0,0,14,97,225,0,19,278,323,215,548,215,183,101,116,3,0,34,11,0.084093437,0,0,0.003114572,0.050055617,0.004226919,0.07185762,0.121913237,0.040711902,0.025806452,0,0.002447164,Vietnamese,0,1
6085504307,5430,5411,4537,874,0.161522824,5185,1774,289,275,42,0,0,0,0,0,151,0,0,0,470,588,447,546,341,115,116,31,0,0,0,0,0.053037608,0,0,0,0,0,0.11340405,0.105303761,0.022179364,0.005978785,0,0,Chinese,0,1
6085504316,4967,4925,4275,650,0.131979695,4793,1338,259,177,0,0,0,0,0,0,172,176,0,21,343,470,488,730,192,206,139,82,0,0,0,0,0.036928855,0,0,0,0.036720217,0.00438139,0.09805967,0.152305445,0.042979345,0.017108283,0,0,Vietnamese,0,1
6085504311,7431,7431,6056,1375,0.185035661,6818,1947,414,11,45,0,0,0,16,17,386,70,39,75,1131,1128,357,198,293,69,473,76,40,0,15,18,0.001613376,0,0,0.0024934,0.01026694,0.011000293,0.165444412,0.029040774,0.01012027,0.011146964,0,0.00264007,Chinese,0,1
6085504318,5929,5923,3928,1995,0.336822556,5463,1134,786,638,8,0,0,0,43,0,49,35,29,0,258,630,334,981,204,166,88,21,39,0,20,0,0.116785649,0,0,0,0.006406736,0,0.115321252,0.179571664,0.030386235,0.003844042,0,0,Vietnamese,1,1
6085504320,2954,2954,2613,341,0.115436696,2782,888,154,41,13,0,16,0,0,0,149,52,0,0,264,291,205,501,118,40,37,13,0,0,0,0,0.014737599,0,0,0,0.018691589,0,0.104601006,0.180086269,0.014378145,0.004672897,0,0,Vietnamese,0,1
6085504322,5513,5513,4896,617,0.111917286,5112,1130,254,37,14,0,37,0,0,0,555,141,108,72,709,726,92,91,127,19,566,135,0,0,249,50,0.007237872,0,0,0,0.02758216,0.014084507,0.142018779,0.017801252,0.003716745,0.026408451,0,0.009780908,Chinese,0,1
6085504323,6195,6184,5004,1180,0.190815006,5580,1493,321,36,0,0,9,0,0,0,304,118,30,10,432,738,459,509,287,236,279,278,0,0,41,0,0.006451613,0,0,0,0.021146953,0.001792115,0.132258065,0.091218638,0.042293907,0.049820789,0,0,Chinese,0,1
6085504410,4821,4815,3890,925,0.192107996,4519,1277,463,261,0,0,8,0,0,0,98,2,0,9,255,523,353,516,218,267,116,112,32,9,0,0,0.057756141,0,0,0,0.000442576,0.001991591,0.115733569,0.114184554,0.059083868,0.024784244,0.001991591,0,Chinese,0,1
6085504412,4951,4918,3929,989,0.201098007,4673,1355,469,311,0,0,9,0,9,0,296,71,0,0,144,346,269,406,540,218,82,136,6,6,0,0,0.066552536,0,0,0,0.015193666,0,0.074042371,0.086882089,0.046650974,0.02910336,0.001283972,0,Vietnamese,0,1
6085504413,1923,1923,1647,276,0.143525741,1780,522,17,34,0,0,0,0,0,0,273,41,0,0,296,369,43,67,20,19,59,11,9,0,0,0,0.019101124,0,0,0,0.023033708,0,0.207303371,0.037640449,0.010674157,0.006179775,0,0,Chinese,0,1
6085504414,5536,5488,4748,740,0.13483965,5301,1712,79,56,0,7,22,11,8,9,354,60,72,38,635,648,412,419,234,143,153,142,49,0,25,13,0.010564045,0.001320506,0.00207508,0.001697793,0.011318619,0.007168459,0.122241087,0.07904169,0.026976042,0.026787399,0,0.002452367,Chinese,0,1
6085504415,5769,5764,4828,936,0.162387231,5399,2333,179,54,8,0,13,0,8,0,350,87,8,24,520,480,267,431,310,67,241,19,0,0,0,0,0.010001852,0,0,0,0.016114095,0.004445268,0.088905353,0.079829598,0.012409706,0.00351917,0,0,Chinese,0,1
6085504418,5209,5203,4041,1162,0.223332693,4989,1906,321,227,0,0,0,0,24,11,150,200,0,0,150,194,425,606,326,124,201,52,0,0,56,16,0.0455001,0,0,0.002204851,0.040088194,0,0.038885548,0.121467228,0.02485468,0.01042293,0,0.003207056,Vietnamese,0,1
6085504420,4438,4438,3958,480,0.108156827,4290,1603,144,0,22,0,0,0,20,10,265,121,0,85,248,358,345,414,193,275,143,44,0,0,0,0,0,0,0,0.002331002,0.028205128,0.01981352,0.083449883,0.096503497,0.064102564,0.01025641,0,0,Vietnamese,0,1
6085504421,5443,5443,4999,444,0.081572662,5180,1896,72,100,19,33,0,0,0,0,333,78,0,11,223,262,459,525,503,296,250,115,0,5,0,0,0.019305019,0.006370656,0,0,0.015057915,0.002123552,0.050579151,0.101351351,0.057142857,0.022200772,0.000965251,0,Vietnamese,0,1
6085504422,3812,3811,3182,629,0.165048544,3667,1075,463,52,0,5,0,0,0,0,15,37,7,19,195,278,143,444,596,214,77,29,0,0,18,0,0.014180529,0.001363512,0,0,0.010089992,0.005181347,0.07581129,0.121079902,0.058358331,0.007908372,0,0,Vietnamese,0,1
6085504423,2675,2665,2245,420,0.157598499,2575,1143,233,56,0,0,5,0,0,0,83,34,3,6,150,223,221,226,80,41,59,12,0,0,0,0,0.021747573,0,0,0,0.013203883,0.002330097,0.086601942,0.08776699,0.01592233,0.004660194,0,0,Vietnamese,0,1
6085504504,11414,9395,8075,1320,0.140500266,10480,2815,842,498,0,0,11,0,28,41,1568,214,286,178,637,849,190,372,505,197,1157,59,0,0,33,0,0.047519084,0,0,0.003912214,0.020419847,0.016984733,0.08101145,0.035496183,0.01879771,0.005629771,0,0,Chinese,0,1
6085504505,7758,7725,6001,1724,0.223171521,7168,2102,405,79,0,0,15,0,0,9,639,162,17,46,522,561,200,397,622,530,621,167,27,7,40,0,0.011021205,0,0,0.00125558,0.022600446,0.006417411,0.078264509,0.055385045,0.073939732,0.023297991,0.000976563,0,Chinese,0,1
6085504506,7104,7104,5556,1548,0.217905405,6199,1307,214,114,0,0,16,0,0,0,877,437,73,118,114,663,244,393,263,86,1040,204,17,0,19,0,0.018390063,0,0,0,0.070495241,0.019035328,0.106952734,0.063397322,0.013873205,0.032908534,0,0,Chinese,0,1
6085504901,10336,10336,9258,1078,0.104295666,9219,3445,254,2,0,0,0,0,145,84,1670,190,23,152,862,557,0,0,210,106,1038,393,45,0,43,0,0.000216943,0,0,0.009111617,0.020609611,0.016487688,0.060418701,0,0.011497993,0.042629352,0,0,Chinese,0,1
6085505001,9571,9571,8306,1265,0.132170097,8916,3463,588,245,0,0,0,0,105,30,870,118,43,65,404,407,290,248,698,456,484,132,71,0,155,44,0.02747869,0,0,0.003364738,0.013234634,0.007290265,0.045648273,0.027815164,0.051144011,0.014804845,0,0.004934948,Tagalog,0,1
6085505006,10288,10288,9534,754,0.073289269,9457,3356,193,10,10,0,165,0,146,52,2381,119,188,146,587,435,48,0,30,18,938,297,151,25,133,29,0.001057418,0,0,0.005498572,0.012583272,0.0154383,0.045997674,0,0.001903352,0.031405308,0.002643544,0.003066512,Chinese,0,0
6085505008,7384,7364,6457,907,0.123166757,6638,1930,155,73,56,0,84,0,46,86,1338,144,64,138,419,293,15,33,62,51,1174,313,82,35,47,0,0.010997288,0,0,0.01295571,0.021693281,0.020789394,0.044139801,0.004971377,0.007683037,0.047152757,0.005272672,0,Other Asian Pacific Island,0,0
6085505009,10617,10608,8411,2197,0.207107843,9908,4212,1301,738,16,0,14,0,54,15,708,46,0,0,291,155,167,536,383,51,853,238,14,0,72,44,0.074485264,0,0,0.001513928,0.004642713,0,0.015643924,0.054097699,0.005147356,0.024020993,0,0.004440856,Spanish,0,1
6085505202,6472,6463,4582,1881,0.291041312,6072,2602,1042,548,22,0,0,0,80,11,331,147,46,17,114,41,14,59,108,12,577,0,62,72,153,14,0.090250329,0,0,0.001811594,0.024209486,0.002799736,0.006752306,0.009716733,0.001976285,0,0.011857708,0.002305665,Spanish,1,1
6085505203,6000,3560,2380,1180,0.331460674,5842,4330,400,187,48,5,0,0,43,18,203,0,49,10,230,97,67,18,47,0,45,18,21,0,6,0,0.032009586,0.000855871,0,0.003081137,0,0.001711743,0.016603903,0.003081137,0,0.003081137,0,0,Spanish,1,0
6085505302,4266,4250,3496,754,0.177411765,3963,1917,577,71,0,0,0,19,37,27,242,48,11,16,220,95,100,76,164,58,173,112,0,0,0,0,0.01791572,0,0.004794348,0.00681302,0.012112036,0.004037345,0.023971739,0.019177391,0.014635377,0.028261418,0,0,Other Asian Pacific Island,0,0
6085505303,6133,6124,4488,1636,0.267145656,5524,2099,772,361,119,13,23,22,28,65,569,401,97,0,75,196,104,247,65,0,136,18,96,18,0,0,0.065351195,0.002353367,0.003982621,0.011766836,0.072592324,0,0.035481535,0.044713975,0,0.003258508,0.003258508,0,Other Indo-European,0,1
6085505304,3273,3235,2961,274,0.084698609,3140,1539,266,56,21,0,0,0,88,0,273,107,23,25,82,197,20,60,30,0,189,16,128,20,0,0,0.017834395,0,0,0,0.034076433,0.007961783,0.062738854,0.01910828,0,0.005095541,0.006369427,0,Chinese,0,1
6085505305,5935,5935,5321,614,0.103454086,5536,2306,222,277,0,14,0,0,484,20,514,113,114,47,176,314,97,192,12,110,380,82,0,0,11,51,0.050036127,0.002528902,0,0.003612717,0.02041185,0.008489884,0.056719653,0.034682081,0.019869942,0.014812139,0,0.009212428,Chinese,0,1
6085505401,6896,6885,6124,761,0.110530138,6092,2125,304,77,27,0,147,0,97,49,805,408,46,231,223,240,58,120,54,0,728,314,23,0,8,8,0.012639527,0,0,0.008043336,0.066973079,0.037918582,0.039395929,0.019697965,0,0.051543007,0,0.001313198,Other Indo-European,0,1
6085505403,7663,7663,6509,1154,0.150593762,7141,3142,848,215,33,15,0,0,153,80,614,275,62,108,536,267,72,38,0,32,470,181,0,0,0,0,0.030107828,0.002100546,0,0.011202913,0.038510013,0.015123932,0.037389721,0.005321384,0.004481165,0.02534659,0,0,Other Indo-European,0,0
6085505600,4679,3264,2096,1168,0.357843137,4630,3283,309,94,8,7,27,0,27,0,232,43,0,149,51,39,46,9,54,37,118,22,10,0,42,23,0.020302376,0.001511879,0,0,0.009287257,0.032181425,0.008423326,0.001943844,0.007991361,0.00475162,0,0.004967603,Korean,1,0
6085505700,7225,7134,3881,3253,0.455985422,6787,3636,983,219,0,0,0,0,93,49,646,275,0,11,89,83,125,0,116,30,90,29,99,50,133,31,0.03226757,0,0,0.007219685,0.040518639,0.001620746,0.012229262,0,0.004420215,0.004272875,0.007367025,0.004567556,Other Indo-European,1,0
6085505900,7444,7316,6155,1161,0.158693275,6903,3963,254,196,109,0,142,0,172,40,464,35,113,186,99,139,65,88,58,39,380,161,78,63,21,38,0.028393452,0,0,0.005794582,0.005070259,0.026944807,0.020136173,0.012748081,0.005649718,0.023323193,0.009126467,0.005504853,Spanish,0,0
6085506101,4329,4329,3984,345,0.07969508,4060,2604,131,90,8,0,0,0,16,16,208,58,40,17,231,93,38,73,60,87,211,47,20,0,12,0,0.022167488,0,0,0.003940887,0.014285714,0.004187192,0.022906404,0.017980296,0.021428571,0.011576355,0,0,Chinese,0,0
6085506102,4077,4071,3816,255,0.062638172,3865,2070,97,17,0,0,20,0,69,9,505,31,38,39,237,187,23,0,76,0,267,47,48,11,74,0,0.004398448,0,0,0.00232859,0.008020699,0.010090556,0.048382924,0,0,0.012160414,0.002846054,0,Chinese,0,0
6085504411,5836,5836,5270,566,0.096984236,5637,2261,281,148,0,0,0,0,0,0,109,93,0,0,326,291,515,724,538,246,27,69,0,0,9,0,0.0262551,0,0,0,0.016498137,0,0.051623204,0.128437112,0.043640234,0.012240553,0,0,Vietnamese,0,1
6085504416,3803,3791,3334,457,0.120548668,3567,1422,159,152,0,0,10,0,0,0,139,52,6,17,53,342,281,362,440,46,86,0,0,0,0,0,0.04261284,0,0,0,0.014578077,0.00476591,0.09587889,0.101485842,0.012895991,0,0,0,Vietnamese,0,1
6085504507,6459,6459,5228,1231,0.190586778,6027,2112,613,184,0,0,8,0,8,0,287,37,0,15,146,483,304,499,709,308,236,78,0,0,0,0,0.030529285,0,0,0,0.006139041,0.0024888,0.080139373,0.082794093,0.051103368,0.012941762,0,0,Vietnamese,0,1
6085505100,3985,3985,2775,1210,0.303638645,3693,1563,425,162,46,29,31,6,0,16,317,55,55,66,51,155,49,73,82,3,353,65,34,0,57,0,0.043866775,0.007852694,0.001624695,0.004332521,0.014893041,0.017871649,0.041971297,0.019767127,0.000812348,0.017600867,0,0,Spanish,1,0
6085505007,4357,3894,3290,604,0.155110426,4164,1705,378,380,0,0,0,0,23,17,158,83,19,5,114,48,72,59,555,380,95,37,0,0,29,7,0.091258405,0,0,0.004082613,0.019932757,0.001200768,0.011527378,0.014169068,0.091258405,0.008885687,0,0.001681076,Spanish,0,1
6085505402,3243,3243,2703,540,0.166512488,3064,1791,368,98,0,0,0,0,18,0,175,42,13,68,76,112,61,52,15,19,73,74,9,0,0,0,0.031984334,0,0,0,0.013707572,0.022193211,0.036553525,0.016971279,0.006201044,0.024151436,0,0,Chinese,0,0
6085505500,4245,4238,3605,633,0.149362907,3906,2325,362,70,17,0,69,0,109,22,178,114,0,0,91,77,75,75,43,0,104,93,78,4,0,0,0.017921147,0,0,0.00563236,0.029185868,0,0.019713262,0.019201229,0,0.023809524,0.001024066,0,Other Indo-European,0,0
6085505800,4145,4127,3811,316,0.076568936,3884,2826,425,45,28,0,44,0,19,0,92,0,0,0,15,20,140,22,6,14,69,0,1,0,64,54,0.011585994,0,0,0,0,0,0.005149331,0.005664264,0.003604531,0,0,0.013903193,Other Unspecified,0,0
6085506000,4805,4805,4087,718,0.14942768,4483,2619,330,145,0,0,105,0,32,10,319,94,76,46,119,146,23,22,16,21,157,57,9,0,110,27,0.032344412,0,0,0.002230649,0.020968102,0.010260986,0.032567477,0.004907428,0.004684363,0.0127147,0,0.006022753,Chinese,0,0
6085506202,7178,6913,6325,588,0.085057139,6623,3221,125,36,128,0,14,18,14,23,777,151,111,32,701,547,97,86,6,110,164,145,36,8,73,0,0.005435603,0,0.002717802,0.003472746,0.022799336,0.004831647,0.082590971,0.012985052,0.016608788,0.021893402,0.001207912,0,Chinese,0,1
6085506203,6443,6443,5335,1108,0.171969579,5943,1433,265,123,19,0,67,0,159,89,566,236,163,87,392,605,85,44,54,0,974,393,0,0,128,61,0.020696618,0,0,0.014975602,0.039710584,0.014639071,0.101800437,0.007403668,0,0.066128218,0,0.010264176,Chinese,0,1
6085506204,5876,5876,5048,828,0.140912185,5570,1797,74,12,12,0,24,0,7,25,632,16,270,74,693,1142,45,144,23,47,360,173,0,0,0,0,0.002154399,0,0,0.00448833,0.002872531,0.013285458,0.20502693,0.025852783,0.008438061,0.031059246,0,0,Chinese,0,1
6085506301,5676,5603,4584,1019,0.181866857,5380,2872,556,182,0,0,0,0,18,18,328,50,83,88,107,228,104,104,36,84,236,9,40,34,150,53,0.033828996,0,0,0.003345725,0.00929368,0.016356877,0.042379182,0.019330855,0.015613383,0.001672862,0.006319703,0.009851301,Chinese,0,0
6085506302,6688,6688,6011,677,0.101226077,6395,4221,515,358,56,0,0,16,28,0,280,51,156,13,265,228,0,0,0,34,147,27,0,0,0,0,0.055981235,0,0.002501955,0,0.00797498,0.002032838,0.035652854,0,0.005316654,0.004222048,0,0,Spanish,0,1
6085506401,5196,5176,4094,1082,0.209041731,4826,2914,275,358,29,0,22,0,0,73,470,118,52,46,89,112,39,30,93,9,14,21,0,0,24,38,0.074181517,0,0,0.015126399,0.024450891,0.009531703,0.023207625,0.006216328,0.001864898,0.00435143,0,0.007874016,Spanish,0,1
6085506402,6030,5902,4445,1457,0.246865469,5462,3010,811,659,40,0,11,0,157,15,123,75,37,46,135,113,31,51,63,4,24,52,0,0,0,5,0.120651776,0,0,0.002746247,0.013731234,0.008421824,0.020688393,0.009337239,0.000732332,0.009520322,0,0.000915416,Spanish,0,1
6085506501,7132,7017,4286,2731,0.389197663,6564,2151,1824,841,12,0,16,0,27,56,210,113,46,65,195,346,109,97,68,0,83,172,64,0,0,69,0.128123096,0,0,0.008531383,0.017215113,0.009902498,0.052711761,0.014777575,0,0.026203534,0,0.010511883,Spanish,1,1
6085506502,4297,4284,3574,710,0.16573296,3935,3114,214,95,33,9,27,0,0,0,66,8,42,0,60,49,31,0,0,0,17,30,0,0,95,45,0.024142313,0.002287166,0,0,0.002033037,0,0.012452351,0,0,0.007623888,0,0.011435832,Spanish,0,0
6085506503,6183,6160,4597,1563,0.253733766,5892,3845,504,196,0,0,0,0,58,70,140,16,0,82,70,264,101,130,142,62,59,0,32,0,106,15,0.033265445,0,0,0.011880516,0.002715547,0.013917176,0.044806517,0.022063815,0.010522743,0,0,0.002545825,Chinese,0,0
6085506605,4342,4342,3525,817,0.188162137,3823,2068,136,97,0,0,0,0,31,19,261,146,101,0,215,227,0,20,40,15,251,107,10,11,37,31,0.025372744,0,0,0.004969919,0.038189903,0,0.059377452,0.005231494,0.00392362,0.027988491,0.002877321,0.008108815,Chinese,0,1
6085506606,4720,4675,3585,1090,0.23315508,4489,2646,472,169,32,0,25,7,107,81,126,51,14,48,310,169,24,44,37,0,76,19,6,0,20,6,0.037647583,0,0.001559367,0.018044108,0.011361105,0.010692805,0.037647583,0.009801738,0,0.004232569,0,0.001336601,Spanish,0,0
6085506702,6170,6170,4820,1350,0.218800648,5717,3670,599,284,0,0,44,0,101,0,126,39,0,31,150,206,22,76,58,106,40,38,0,0,127,0,0.049676404,0,0,0,0.00682176,0.005422424,0.036032884,0.013293685,0.018541193,0.006646843,0,0,Spanish,0,0
6085506103,4943,4943,4290,653,0.132106008,4633,2078,123,8,116,0,15,0,30,0,327,54,44,59,441,426,73,61,80,94,395,111,38,6,54,0,0.001726743,0,0,0,0.011655515,0.012734729,0.091949061,0.013166415,0.020289229,0.023958558,0.001295057,0,Chinese,0,1
6085506304,5265,5220,4315,905,0.173371648,4950,1464,644,376,0,0,0,0,0,0,583,184,24,27,402,277,0,92,82,0,273,198,120,109,95,0,0.075959596,0,0,0,0.037171717,0.005454545,0.055959596,0.018585859,0,0.04,0.022020202,0,Spanish,0,1
6085506601,4576,4576,3834,742,0.16215035,4251,2123,384,186,10,0,17,0,136,22,296,20,63,18,316,201,44,15,141,0,83,90,0,0,13,73,0.043754411,0,0,0.005175253,0.004704775,0.004234298,0.047282992,0.003528582,0,0.021171489,0,0.01717243,Chinese,0,0
6085506305,6652,6652,4662,1990,0.299158148,6051,2760,730,665,199,0,0,0,35,67,208,29,75,78,10,350,47,175,0,0,233,35,14,28,269,44,0.10989919,0,0,0.01107255,0.004792596,0.012890431,0.057841679,0.02892084,0,0.005784168,0.004627334,0.007271525,Spanish,1,1
6085506603,4042,4000,3498,502,0.1255,3813,2413,106,97,21,21,0,0,59,89,204,7,0,0,220,236,96,69,0,15,51,52,0,15,31,11,0.025439287,0.005507474,0,0.023341201,0.001835825,0,0.061893522,0.018095987,0.00393391,0.013637556,0.00393391,0.002884868,Chinese,0,1
6085506604,7823,7823,6980,843,0.107759172,7364,4438,289,58,84,0,62,0,108,39,514,41,206,71,458,450,49,105,36,0,130,13,213,0,0,0,0.007876154,0,0,0.005296035,0.005567626,0.009641499,0.061108093,0.014258555,0,0.001765345,0,0,Chinese,0,1
6085508004,6406,6373,5432,941,0.147654166,5830,1253,216,137,11,0,47,0,0,0,422,173,141,276,975,690,111,35,52,0,446,338,85,115,275,32,0.023499142,0,0,0,0.029674099,0.047341338,0.118353345,0.006003431,0,0.057975986,0.019725557,0.005488851,Chinese,0,1